candidate_id,content_index,content_class_id,content_class,style_index,style_class_id,style_class,alpha,output_path,review_path,accepted,rejection_reason
conflict_001,6455,0,airplane,5705,8,ship,0.8,results/cue_conflicts/candidates/conflict_001.png,results/cue_conflicts/review/conflict_001.jpg,no,style not visible
conflict_002,1175,0,airplane,5525,8,ship,0.8,results/cue_conflicts/candidates/conflict_002.png,results/cue_conflicts/review/conflict_002.jpg,no,style not visible
conflict_003,4819,0,airplane,1783,8,ship,0.8,results/cue_conflicts/candidates/conflict_003.png,results/cue_conflicts/review/conflict_003.jpg,no,style not visible
conflict_004,1596,0,airplane,5000,8,ship,0.8,results/cue_conflicts/candidates/conflict_004.png,results/cue_conflicts/review/conflict_004.jpg,yes,
conflict_005,6844,0,airplane,962,8,ship,0.8,results/cue_conflicts/candidates/conflict_005.png,results/cue_conflicts/review/conflict_005.jpg,yes,
conflict_006,1553,0,airplane,4170,8,ship,0.8,results/cue_conflicts/candidates/conflict_006.png,results/cue_conflicts/review/conflict_006.jpg,yes,
conflict_007,5117,0,airplane,4662,8,ship,0.8,results/cue_conflicts/candidates/conflict_007.png,results/cue_conflicts/review/conflict_007.jpg,yes,
conflict_008,7009,0,airplane,4990,8,ship,0.8,results/cue_conflicts/candidates/conflict_008.png,results/cue_conflicts/review/conflict_008.jpg,yes,
conflict_009,5999,0,airplane,3157,8,ship,0.8,results/cue_conflicts/candidates/conflict_009.png,results/cue_conflicts/review/conflict_009.jpg,yes,
conflict_010,7309,0,airplane,3948,8,ship,0.8,results/cue_conflicts/candidates/conflict_010.png,results/cue_conflicts/review/conflict_010.jpg,yes,
conflict_011,5478,0,airplane,739,8,ship,0.8,results/cue_conflicts/candidates/conflict_011.png,results/cue_conflicts/review/conflict_011.jpg,no,style not visible
conflict_012,7262,0,airplane,194,8,ship,0.8,results/cue_conflicts/candidates/conflict_012.png,results/cue_conflicts/review/conflict_012.jpg,yes,
conflict_013,42,0,airplane,7138,8,ship,0.8,results/cue_conflicts/candidates/conflict_013.png,results/cue_conflicts/review/conflict_013.jpg,yes,
conflict_014,3965,0,airplane,7810,8,ship,0.8,results/cue_conflicts/candidates/conflict_014.png,results/cue_conflicts/review/conflict_014.jpg,yes,
conflict_015,3347,0,airplane,2230,8,ship,0.8,results/cue_conflicts/candidates/conflict_015.png,results/cue_conflicts/review/conflict_015.jpg,yes,
conflict_016,2242,0,airplane,7875,8,ship,0.8,results/cue_conflicts/candidates/conflict_016.png,results/cue_conflicts/review/conflict_016.jpg,yes,
conflict_017,3083,0,airplane,2109,8,ship,0.8,results/cue_conflicts/candidates/conflict_017.png,results/cue_conflicts/review/conflict_017.jpg,no,severe artifact
conflict_018,81,0,airplane,151,8,ship,0.8,results/cue_conflicts/candidates/conflict_018.png,results/cue_conflicts/review/conflict_018.jpg,yes,
conflict_019,1389,0,airplane,7999,8,ship,0.8,results/cue_conflicts/candidates/conflict_019.png,results/cue_conflicts/review/conflict_019.jpg,yes,
conflict_020,6986,0,airplane,1954,8,ship,0.8,results/cue_conflicts/candidates/conflict_020.png,results/cue_conflicts/review/conflict_020.jpg,yes,
conflict_021,4893,0,airplane,3015,8,ship,0.8,results/cue_conflicts/candidates/conflict_021.png,results/cue_conflicts/review/conflict_021.jpg,no,severe artifact
conflict_022,7634,0,airplane,3905,8,ship,0.8,results/cue_conflicts/candidates/conflict_022.png,results/cue_conflicts/review/conflict_022.jpg,yes,
conflict_023,4399,0,airplane,2844,8,ship,0.8,results/cue_conflicts/candidates/conflict_023.png,results/cue_conflicts/review/conflict_023.jpg,yes,
conflict_024,3455,0,airplane,5451,8,ship,0.8,results/cue_conflicts/candidates/conflict_024.png,results/cue_conflicts/review/conflict_024.jpg,yes,
conflict_025,7465,0,airplane,4355,8,ship,0.8,results/cue_conflicts/candidates/conflict_025.png,results/cue_conflicts/review/conflict_025.jpg,yes,
conflict_026,2191,8,ship,4399,0,airplane,0.8,results/cue_conflicts/candidates/conflict_026.png,results/cue_conflicts/review/conflict_026.jpg,no,content not identifiable
conflict_027,716,8,ship,6844,0,airplane,0.8,results/cue_conflicts/candidates/conflict_027.png,results/cue_conflicts/review/conflict_027.jpg,yes,
conflict_028,4676,8,ship,4819,0,airplane,0.8,results/cue_conflicts/candidates/conflict_028.png,results/cue_conflicts/review/conflict_028.jpg,yes,
conflict_029,4170,8,ship,3876,0,airplane,0.8,results/cue_conflicts/candidates/conflict_029.png,results/cue_conflicts/review/conflict_029.jpg,no,severe artifact
conflict_030,4069,8,ship,7150,0,airplane,0.8,results/cue_conflicts/candidates/conflict_030.png,results/cue_conflicts/review/conflict_030.jpg,no,content not identifiable
conflict_031,1833,8,ship,3455,0,airplane,0.8,results/cue_conflicts/candidates/conflict_031.png,results/cue_conflicts/review/conflict_031.jpg,yes,
conflict_032,5000,8,ship,1977,0,airplane,0.8,results/cue_conflicts/candidates/conflict_032.png,results/cue_conflicts/review/conflict_032.jpg,yes,
conflict_033,2844,8,ship,6455,0,airplane,0.8,results/cue_conflicts/candidates/conflict_033.png,results/cue_conflicts/review/conflict_033.jpg,yes,
conflict_034,4662,8,ship,3965,0,airplane,0.8,results/cue_conflicts/candidates/conflict_034.png,results/cue_conflicts/review/conflict_034.jpg,yes,
conflict_035,4355,8,ship,5117,0,airplane,0.8,results/cue_conflicts/candidates/conflict_035.png,results/cue_conflicts/review/conflict_035.jpg,no,severe artifact
conflict_036,151,8,ship,1596,0,airplane,0.8,results/cue_conflicts/candidates/conflict_036.png,results/cue_conflicts/review/conflict_036.jpg,yes,
conflict_037,2109,8,ship,7309,0,airplane,0.8,results/cue_conflicts/candidates/conflict_037.png,results/cue_conflicts/review/conflict_037.jpg,yes,
conflict_038,706,8,ship,4615,0,airplane,0.8,results/cue_conflicts/candidates/conflict_038.png,results/cue_conflicts/review/conflict_038.jpg,yes,
conflict_039,739,8,ship,7320,0,airplane,0.8,results/cue_conflicts/candidates/conflict_039.png,results/cue_conflicts/review/conflict_039.jpg,yes,
conflict_040,1129,8,ship,7262,0,airplane,0.8,results/cue_conflicts/candidates/conflict_040.png,results/cue_conflicts/review/conflict_040.jpg,yes,
conflict_041,4552,8,ship,4539,0,airplane,0.8,results/cue_conflicts/candidates/conflict_041.png,results/cue_conflicts/review/conflict_041.jpg,yes,
conflict_042,3905,8,ship,2888,0,airplane,0.8,results/cue_conflicts/candidates/conflict_042.png,results/cue_conflicts/review/conflict_042.jpg,no,style not visible
conflict_043,2342,8,ship,2750,0,airplane,0.8,results/cue_conflicts/candidates/conflict_043.png,results/cue_conflicts/review/conflict_043.jpg,yes,
conflict_044,1783,8,ship,7009,0,airplane,0.8,results/cue_conflicts/candidates/conflict_044.png,results/cue_conflicts/review/conflict_044.jpg,yes,
conflict_045,1247,8,ship,42,0,airplane,0.8,results/cue_conflicts/candidates/conflict_045.png,results/cue_conflicts/review/conflict_045.jpg,no,content not identifiable
conflict_046,3412,8,ship,6986,0,airplane,0.8,results/cue_conflicts/candidates/conflict_046.png,results/cue_conflicts/review/conflict_046.jpg,yes,
conflict_047,4311,8,ship,1648,0,airplane,0.8,results/cue_conflicts/candidates/conflict_047.png,results/cue_conflicts/review/conflict_047.jpg,no,severe artifact
conflict_048,2745,8,ship,5918,0,airplane,0.8,results/cue_conflicts/candidates/conflict_048.png,results/cue_conflicts/review/conflict_048.jpg,yes,
conflict_049,7810,8,ship,1553,0,airplane,0.8,results/cue_conflicts/candidates/conflict_049.png,results/cue_conflicts/review/conflict_049.jpg,yes,
conflict_050,3015,8,ship,2024,0,airplane,0.8,results/cue_conflicts/candidates/conflict_050.png,results/cue_conflicts/review/conflict_050.jpg,yes,
conflict_051,6264,2,car,805,9,truck,0.8,results/cue_conflicts/candidates/conflict_051.png,results/cue_conflicts/review/conflict_051.jpg,yes,
conflict_052,6503,2,car,852,9,truck,0.8,results/cue_conflicts/candidates/conflict_052.png,results/cue_conflicts/review/conflict_052.jpg,yes,
conflict_053,1839,2,car,3893,9,truck,0.8,results/cue_conflicts/candidates/conflict_053.png,results/cue_conflicts/review/conflict_053.jpg,yes,
conflict_054,2082,2,car,1654,9,truck,0.8,results/cue_conflicts/candidates/conflict_054.png,results/cue_conflicts/review/conflict_054.jpg,no,severe artifact
conflict_055,5756,2,car,7752,9,truck,0.8,results/cue_conflicts/candidates/conflict_055.png,results/cue_conflicts/review/conflict_055.jpg,yes,
conflict_056,6692,2,car,5788,9,truck,0.8,results/cue_conflicts/candidates/conflict_056.png,results/cue_conflicts/review/conflict_056.jpg,yes,
conflict_057,5333,2,car,2351,9,truck,0.8,results/cue_conflicts/candidates/conflict_057.png,results/cue_conflicts/review/conflict_057.jpg,yes,
conflict_058,6271,2,car,2414,9,truck,0.8,results/cue_conflicts/candidates/conflict_058.png,results/cue_conflicts/review/conflict_058.jpg,yes,
conflict_059,1202,2,car,5284,9,truck,0.8,results/cue_conflicts/candidates/conflict_059.png,results/cue_conflicts/review/conflict_059.jpg,yes,
conflict_060,3067,2,car,7544,9,truck,0.8,results/cue_conflicts/candidates/conflict_060.png,results/cue_conflicts/review/conflict_060.jpg,yes,
conflict_061,3755,2,car,5447,9,truck,0.8,results/cue_conflicts/candidates/conflict_061.png,results/cue_conflicts/review/conflict_061.jpg,yes,
conflict_062,5030,2,car,603,9,truck,0.8,results/cue_conflicts/candidates/conflict_062.png,results/cue_conflicts/review/conflict_062.jpg,yes,
conflict_063,7425,2,car,3318,9,truck,0.8,results/cue_conflicts/candidates/conflict_063.png,results/cue_conflicts/review/conflict_063.jpg,yes,
conflict_064,6244,2,car,4094,9,truck,0.8,results/cue_conflicts/candidates/conflict_064.png,results/cue_conflicts/review/conflict_064.jpg,yes,
conflict_065,3163,2,car,5851,9,truck,0.8,results/cue_conflicts/candidates/conflict_065.png,results/cue_conflicts/review/conflict_065.jpg,yes,
conflict_066,1586,2,car,2062,9,truck,0.8,results/cue_conflicts/candidates/conflict_066.png,results/cue_conflicts/review/conflict_066.jpg,yes,
conflict_067,1520,2,car,7938,9,truck,0.8,results/cue_conflicts/candidates/conflict_067.png,results/cue_conflicts/review/conflict_067.jpg,yes,
conflict_068,6616,2,car,239,9,truck,0.8,results/cue_conflicts/candidates/conflict_068.png,results/cue_conflicts/review/conflict_068.jpg,no,style not visible
conflict_069,5237,2,car,2114,9,truck,0.8,results/cue_conflicts/candidates/conflict_069.png,results/cue_conflicts/review/conflict_069.jpg,yes,
conflict_070,3024,2,car,5590,9,truck,0.8,results/cue_conflicts/candidates/conflict_070.png,results/cue_conflicts/review/conflict_070.jpg,yes,
conflict_071,6426,2,car,5452,9,truck,0.8,results/cue_conflicts/candidates/conflict_071.png,results/cue_conflicts/review/conflict_071.jpg,yes,
conflict_072,3362,2,car,7995,9,truck,0.8,results/cue_conflicts/candidates/conflict_072.png,results/cue_conflicts/review/conflict_072.jpg,yes,
conflict_073,483,2,car,419,9,truck,0.8,results/cue_conflicts/candidates/conflict_073.png,results/cue_conflicts/review/conflict_073.jpg,no,severe artifact
conflict_074,5824,2,car,5301,9,truck,0.8,results/cue_conflicts/candidates/conflict_074.png,results/cue_conflicts/review/conflict_074.jpg,yes,
conflict_075,49,2,car,6931,9,truck,0.8,results/cue_conflicts/candidates/conflict_075.png,results/cue_conflicts/review/conflict_075.jpg,yes,
conflict_076,1468,9,truck,1839,2,car,0.8,results/cue_conflicts/candidates/conflict_076.png,results/cue_conflicts/review/conflict_076.jpg,yes,
conflict_077,3893,9,truck,6354,2,car,0.8,results/cue_conflicts/candidates/conflict_077.png,results/cue_conflicts/review/conflict_077.jpg,yes,
conflict_078,6931,9,truck,5318,2,car,0.8,results/cue_conflicts/candidates/conflict_078.png,results/cue_conflicts/review/conflict_078.jpg,yes,
conflict_079,805,9,truck,7425,2,car,0.8,results/cue_conflicts/candidates/conflict_079.png,results/cue_conflicts/review/conflict_079.jpg,yes,
conflict_080,5981,9,truck,5183,2,car,0.8,results/cue_conflicts/candidates/conflict_080.png,results/cue_conflicts/review/conflict_080.jpg,no,severe artifact
conflict_081,5915,9,truck,6271,2,car,0.8,results/cue_conflicts/candidates/conflict_081.png,results/cue_conflicts/review/conflict_081.jpg,no,severe artifact
conflict_082,5788,9,truck,1520,2,car,0.8,results/cue_conflicts/candidates/conflict_082.png,results/cue_conflicts/review/conflict_082.jpg,yes,
conflict_083,2011,9,truck,3362,2,car,0.8,results/cue_conflicts/candidates/conflict_083.png,results/cue_conflicts/review/conflict_083.jpg,yes,
conflict_084,1515,9,truck,6503,2,car,0.8,results/cue_conflicts/candidates/conflict_084.png,results/cue_conflicts/review/conflict_084.jpg,yes,
conflict_085,7938,9,truck,2502,2,car,0.8,results/cue_conflicts/candidates/conflict_085.png,results/cue_conflicts/review/conflict_085.jpg,no,severe artifact
conflict_086,5301,9,truck,6028,2,car,0.8,results/cue_conflicts/candidates/conflict_086.png,results/cue_conflicts/review/conflict_086.jpg,yes,
conflict_087,4094,9,truck,1202,2,car,0.8,results/cue_conflicts/candidates/conflict_087.png,results/cue_conflicts/review/conflict_087.jpg,yes,
conflict_088,4723,9,truck,5218,2,car,0.8,results/cue_conflicts/candidates/conflict_088.png,results/cue_conflicts/review/conflict_088.jpg,yes,
conflict_089,1836,9,truck,409,2,car,0.8,results/cue_conflicts/candidates/conflict_089.png,results/cue_conflicts/review/conflict_089.jpg,yes,
conflict_090,5452,9,truck,6332,2,car,0.8,results/cue_conflicts/candidates/conflict_090.png,results/cue_conflicts/review/conflict_090.jpg,yes,
conflict_091,7995,9,truck,4065,2,car,0.8,results/cue_conflicts/candidates/conflict_091.png,results/cue_conflicts/review/conflict_091.jpg,yes,
conflict_092,131,9,truck,5677,2,car,0.8,results/cue_conflicts/candidates/conflict_092.png,results/cue_conflicts/review/conflict_092.jpg,yes,
conflict_093,1411,9,truck,317,2,car,0.8,results/cue_conflicts/candidates/conflict_093.png,results/cue_conflicts/review/conflict_093.jpg,yes,
conflict_094,1430,9,truck,483,2,car,0.8,results/cue_conflicts/candidates/conflict_094.png,results/cue_conflicts/review/conflict_094.jpg,yes,
conflict_095,3996,9,truck,5030,2,car,0.8,results/cue_conflicts/candidates/conflict_095.png,results/cue_conflicts/review/conflict_095.jpg,yes,
conflict_096,5284,9,truck,5756,2,car,0.8,results/cue_conflicts/candidates/conflict_096.png,results/cue_conflicts/review/conflict_096.jpg,yes,
conflict_097,5360,9,truck,5512,2,car,0.8,results/cue_conflicts/candidates/conflict_097.png,results/cue_conflicts/review/conflict_097.jpg,yes,
conflict_098,191,9,truck,3067,2,car,0.8,results/cue_conflicts/candidates/conflict_098.png,results/cue_conflicts/review/conflict_098.jpg,yes,
conflict_099,1022,9,truck,6244,2,car,0.8,results/cue_conflicts/candidates/conflict_099.png,results/cue_conflicts/review/conflict_099.jpg,yes,
conflict_100,7266,9,truck,5333,2,car,0.8,results/cue_conflicts/candidates/conflict_100.png,results/cue_conflicts/review/conflict_100.jpg,yes,
conflict_101,176,3,cat,568,5,dog,0.8,results/cue_conflicts/candidates/conflict_101.png,results/cue_conflicts/review/conflict_101.jpg,yes,
conflict_102,3383,3,cat,7130,5,dog,0.8,results/cue_conflicts/candidates/conflict_102.png,results/cue_conflicts/review/conflict_102.jpg,yes,
conflict_103,3562,3,cat,4953,5,dog,0.8,results/cue_conflicts/candidates/conflict_103.png,results/cue_conflicts/review/conflict_103.jpg,yes,
conflict_104,677,3,cat,2268,5,dog,0.8,results/cue_conflicts/candidates/conflict_104.png,results/cue_conflicts/review/conflict_104.jpg,yes,
conflict_105,7744,3,cat,5101,5,dog,0.8,results/cue_conflicts/candidates/conflict_105.png,results/cue_conflicts/review/conflict_105.jpg,yes,
conflict_106,2754,3,cat,7776,5,dog,0.8,results/cue_conflicts/candidates/conflict_106.png,results/cue_conflicts/review/conflict_106.jpg,yes,
conflict_107,1401,3,cat,97,5,dog,0.8,results/cue_conflicts/candidates/conflict_107.png,results/cue_conflicts/review/conflict_107.jpg,no,style not visible
conflict_108,6490,3,cat,6358,5,dog,0.8,results/cue_conflicts/candidates/conflict_108.png,results/cue_conflicts/review/conflict_108.jpg,no,style not visible
conflict_109,4881,3,cat,3353,5,dog,0.8,results/cue_conflicts/candidates/conflict_109.png,results/cue_conflicts/review/conflict_109.jpg,no,content not identifiable
conflict_110,4168,3,cat,4547,5,dog,0.8,results/cue_conflicts/candidates/conflict_110.png,results/cue_conflicts/review/conflict_110.jpg,yes,
conflict_111,7797,3,cat,1626,5,dog,0.8,results/cue_conflicts/candidates/conflict_111.png,results/cue_conflicts/review/conflict_111.jpg,yes,
conflict_112,3276,3,cat,4290,5,dog,0.8,results/cue_conflicts/candidates/conflict_112.png,results/cue_conflicts/review/conflict_112.jpg,no,style not visible
conflict_113,1263,3,cat,645,5,dog,0.8,results/cue_conflicts/candidates/conflict_113.png,results/cue_conflicts/review/conflict_113.jpg,yes,
conflict_114,4229,3,cat,4570,5,dog,0.8,results/cue_conflicts/candidates/conflict_114.png,results/cue_conflicts/review/conflict_114.jpg,yes,
conflict_115,632,3,cat,5701,5,dog,0.8,results/cue_conflicts/candidates/conflict_115.png,results/cue_conflicts/review/conflict_115.jpg,yes,
conflict_116,3914,3,cat,7706,5,dog,0.8,results/cue_conflicts/candidates/conflict_116.png,results/cue_conflicts/review/conflict_116.jpg,yes,
conflict_117,6952,3,cat,2427,5,dog,0.8,results/cue_conflicts/candidates/conflict_117.png,results/cue_conflicts/review/conflict_117.jpg,no,style not visible
conflict_118,4908,3,cat,1552,5,dog,0.8,results/cue_conflicts/candidates/conflict_118.png,results/cue_conflicts/review/conflict_118.jpg,yes,
conflict_119,1531,3,cat,2458,5,dog,0.8,results/cue_conflicts/candidates/conflict_119.png,results/cue_conflicts/review/conflict_119.jpg,yes,
conflict_120,3778,3,cat,3863,5,dog,0.8,results/cue_conflicts/candidates/conflict_120.png,results/cue_conflicts/review/conflict_120.jpg,yes,
conflict_121,1204,3,cat,378,5,dog,0.8,results/cue_conflicts/candidates/conflict_121.png,results/cue_conflicts/review/conflict_121.jpg,yes,
conflict_122,2539,3,cat,4850,5,dog,0.8,results/cue_conflicts/candidates/conflict_122.png,results/cue_conflicts/review/conflict_122.jpg,yes,
conflict_123,372,3,cat,1877,5,dog,0.8,results/cue_conflicts/candidates/conflict_123.png,results/cue_conflicts/review/conflict_123.jpg,yes,
conflict_124,4215,3,cat,3852,5,dog,0.8,results/cue_conflicts/candidates/conflict_124.png,results/cue_conflicts/review/conflict_124.jpg,yes,
conflict_125,791,3,cat,2623,5,dog,0.8,results/cue_conflicts/candidates/conflict_125.png,results/cue_conflicts/review/conflict_125.jpg,yes,
conflict_126,7706,5,dog,1204,3,cat,0.8,results/cue_conflicts/candidates/conflict_126.png,results/cue_conflicts/review/conflict_126.jpg,yes,
conflict_127,7130,5,dog,4023,3,cat,0.8,results/cue_conflicts/candidates/conflict_127.png,results/cue_conflicts/review/conflict_127.jpg,yes,
conflict_128,5701,5,dog,5528,3,cat,0.8,results/cue_conflicts/candidates/conflict_128.png,results/cue_conflicts/review/conflict_128.jpg,yes,
conflict_129,3852,5,dog,672,3,cat,0.8,results/cue_conflicts/candidates/conflict_129.png,results/cue_conflicts/review/conflict_129.jpg,yes,
conflict_130,97,5,dog,1563,3,cat,0.8,results/cue_conflicts/candidates/conflict_130.png,results/cue_conflicts/review/conflict_130.jpg,yes,
conflict_131,1644,5,dog,3383,3,cat,0.8,results/cue_conflicts/candidates/conflict_131.png,results/cue_conflicts/review/conflict_131.jpg,yes,
conflict_132,5332,5,dog,2754,3,cat,0.8,results/cue_conflicts/candidates/conflict_132.png,results/cue_conflicts/review/conflict_132.jpg,yes,
conflict_133,7041,5,dog,3562,3,cat,0.8,results/cue_conflicts/candidates/conflict_133.png,results/cue_conflicts/review/conflict_133.jpg,yes,
conflict_134,1877,5,dog,3276,3,cat,0.8,results/cue_conflicts/candidates/conflict_134.png,results/cue_conflicts/review/conflict_134.jpg,no,severe artifact
conflict_135,7776,5,dog,6490,3,cat,0.8,results/cue_conflicts/candidates/conflict_135.png,results/cue_conflicts/review/conflict_135.jpg,yes,
conflict_136,5101,5,dog,4215,3,cat,0.8,results/cue_conflicts/candidates/conflict_136.png,results/cue_conflicts/review/conflict_136.jpg,yes,
conflict_137,2427,5,dog,1263,3,cat,0.8,results/cue_conflicts/candidates/conflict_137.png,results/cue_conflicts/review/conflict_137.jpg,yes,
conflict_138,2391,5,dog,738,3,cat,0.8,results/cue_conflicts/candidates/conflict_138.png,results/cue_conflicts/review/conflict_138.jpg,yes,
conflict_139,4547,5,dog,2861,3,cat,0.8,results/cue_conflicts/candidates/conflict_139.png,results/cue_conflicts/review/conflict_139.jpg,yes,
conflict_140,2265,5,dog,7793,3,cat,0.8,results/cue_conflicts/candidates/conflict_140.png,results/cue_conflicts/review/conflict_140.jpg,yes,
conflict_141,5381,5,dog,4609,3,cat,0.8,results/cue_conflicts/candidates/conflict_141.png,results/cue_conflicts/review/conflict_141.jpg,yes,
conflict_142,6922,5,dog,2291,3,cat,0.8,results/cue_conflicts/candidates/conflict_142.png,results/cue_conflicts/review/conflict_142.jpg,no,style not visible
conflict_143,6358,5,dog,365,3,cat,0.8,results/cue_conflicts/candidates/conflict_143.png,results/cue_conflicts/review/conflict_143.jpg,yes,
conflict_144,2623,5,dog,7416,3,cat,0.8,results/cue_conflicts/candidates/conflict_144.png,results/cue_conflicts/review/conflict_144.jpg,no,style not visible
conflict_145,6989,5,dog,391,3,cat,0.8,results/cue_conflicts/candidates/conflict_145.png,results/cue_conflicts/review/conflict_145.jpg,yes,
conflict_146,1626,5,dog,4168,3,cat,0.8,results/cue_conflicts/candidates/conflict_146.png,results/cue_conflicts/review/conflict_146.jpg,yes,
conflict_147,2334,5,dog,4908,3,cat,0.8,results/cue_conflicts/candidates/conflict_147.png,results/cue_conflicts/review/conflict_147.jpg,yes,
conflict_148,6224,5,dog,176,3,cat,0.8,results/cue_conflicts/candidates/conflict_148.png,results/cue_conflicts/review/conflict_148.jpg,yes,
conflict_149,4850,5,dog,4821,3,cat,0.8,results/cue_conflicts/candidates/conflict_149.png,results/cue_conflicts/review/conflict_149.jpg,yes,
conflict_150,7474,5,dog,7744,3,cat,0.8,results/cue_conflicts/candidates/conflict_150.png,results/cue_conflicts/review/conflict_150.jpg,no,severe artifact
conflict_151,1124,4,deer,6381,6,horse,0.8,results/cue_conflicts/candidates/conflict_151.png,results/cue_conflicts/review/conflict_151.jpg,yes,
conflict_152,691,4,deer,5858,6,horse,0.8,results/cue_conflicts/candidates/conflict_152.png,results/cue_conflicts/review/conflict_152.jpg,yes,
conflict_153,3458,4,deer,7726,6,horse,0.8,results/cue_conflicts/candidates/conflict_153.png,results/cue_conflicts/review/conflict_153.jpg,yes,
conflict_154,7692,4,deer,4341,6,horse,0.8,results/cue_conflicts/candidates/conflict_154.png,results/cue_conflicts/review/conflict_154.jpg,yes,
conflict_155,1211,4,deer,4011,6,horse,0.8,results/cue_conflicts/candidates/conflict_155.png,results/cue_conflicts/review/conflict_155.jpg,yes,
conflict_156,2757,4,deer,977,6,horse,0.8,results/cue_conflicts/candidates/conflict_156.png,results/cue_conflicts/review/conflict_156.jpg,yes,
conflict_157,506,4,deer,4731,6,horse,0.8,results/cue_conflicts/candidates/conflict_157.png,results/cue_conflicts/review/conflict_157.jpg,no,severe artifact
conflict_158,3034,4,deer,4411,6,horse,0.8,results/cue_conflicts/candidates/conflict_158.png,results/cue_conflicts/review/conflict_158.jpg,yes,
conflict_159,4642,4,deer,3779,6,horse,0.8,results/cue_conflicts/candidates/conflict_159.png,results/cue_conflicts/review/conflict_159.jpg,yes,
conflict_160,7475,4,deer,1534,6,horse,0.8,results/cue_conflicts/candidates/conflict_160.png,results/cue_conflicts/review/conflict_160.jpg,yes,
conflict_161,171,4,deer,3494,6,horse,0.8,results/cue_conflicts/candidates/conflict_161.png,results/cue_conflicts/review/conflict_161.jpg,yes,
conflict_162,7944,4,deer,3292,6,horse,0.8,results/cue_conflicts/candidates/conflict_162.png,results/cue_conflicts/review/conflict_162.jpg,yes,
conflict_163,3179,4,deer,920,6,horse,0.8,results/cue_conflicts/candidates/conflict_163.png,results/cue_conflicts/review/conflict_163.jpg,yes,
conflict_164,6508,4,deer,3191,6,horse,0.8,results/cue_conflicts/candidates/conflict_164.png,results/cue_conflicts/review/conflict_164.jpg,yes,
conflict_165,5402,4,deer,2003,6,horse,0.8,results/cue_conflicts/candidates/conflict_165.png,results/cue_conflicts/review/conflict_165.jpg,yes,
conflict_166,5556,4,deer,449,6,horse,0.8,results/cue_conflicts/candidates/conflict_166.png,results/cue_conflicts/review/conflict_166.jpg,yes,
conflict_167,7610,4,deer,4827,6,horse,0.8,results/cue_conflicts/candidates/conflict_167.png,results/cue_conflicts/review/conflict_167.jpg,yes,
conflict_168,3994,4,deer,1667,6,horse,0.8,results/cue_conflicts/candidates/conflict_168.png,results/cue_conflicts/review/conflict_168.jpg,yes,
conflict_169,7864,4,deer,7996,6,horse,0.8,results/cue_conflicts/candidates/conflict_169.png,results/cue_conflicts/review/conflict_169.jpg,yes,
conflict_170,5062,4,deer,7108,6,horse,0.8,results/cue_conflicts/candidates/conflict_170.png,results/cue_conflicts/review/conflict_170.jpg,yes,
conflict_171,3365,4,deer,5580,6,horse,0.8,results/cue_conflicts/candidates/conflict_171.png,results/cue_conflicts/review/conflict_171.jpg,yes,
conflict_172,1266,4,deer,2676,6,horse,0.8,results/cue_conflicts/candidates/conflict_172.png,results/cue_conflicts/review/conflict_172.jpg,yes,
conflict_173,3122,4,deer,929,6,horse,0.8,results/cue_conflicts/candidates/conflict_173.png,results/cue_conflicts/review/conflict_173.jpg,yes,
conflict_174,6528,4,deer,5082,6,horse,0.8,results/cue_conflicts/candidates/conflict_174.png,results/cue_conflicts/review/conflict_174.jpg,yes,
conflict_175,855,4,deer,3844,6,horse,0.8,results/cue_conflicts/candidates/conflict_175.png,results/cue_conflicts/review/conflict_175.jpg,yes,
conflict_176,5382,6,horse,7475,4,deer,0.8,results/cue_conflicts/candidates/conflict_176.png,results/cue_conflicts/review/conflict_176.jpg,yes,
conflict_177,4011,6,horse,5213,4,deer,0.8,results/cue_conflicts/candidates/conflict_177.png,results/cue_conflicts/review/conflict_177.jpg,no,style not visible
conflict_178,5082,6,horse,4740,4,deer,0.8,results/cue_conflicts/candidates/conflict_178.png,results/cue_conflicts/review/conflict_178.jpg,yes,
conflict_179,4411,6,horse,2757,4,deer,0.8,results/cue_conflicts/candidates/conflict_179.png,results/cue_conflicts/review/conflict_179.jpg,yes,
conflict_180,890,6,horse,6288,4,deer,0.8,results/cue_conflicts/candidates/conflict_180.png,results/cue_conflicts/review/conflict_180.jpg,yes,
conflict_181,3418,6,horse,3891,4,deer,0.8,results/cue_conflicts/candidates/conflict_181.png,results/cue_conflicts/review/conflict_181.jpg,yes,
conflict_182,4254,6,horse,766,4,deer,0.8,results/cue_conflicts/candidates/conflict_182.png,results/cue_conflicts/review/conflict_182.jpg,yes,
conflict_183,4620,6,horse,6508,4,deer,0.8,results/cue_conflicts/candidates/conflict_183.png,results/cue_conflicts/review/conflict_183.jpg,yes,
conflict_184,920,6,horse,1266,4,deer,0.8,results/cue_conflicts/candidates/conflict_184.png,results/cue_conflicts/review/conflict_184.jpg,yes,
conflict_185,3494,6,horse,3179,4,deer,0.8,results/cue_conflicts/candidates/conflict_185.png,results/cue_conflicts/review/conflict_185.jpg,yes,
conflict_186,545,6,horse,3365,4,deer,0.8,results/cue_conflicts/candidates/conflict_186.png,results/cue_conflicts/review/conflict_186.jpg,yes,
conflict_187,5408,6,horse,3512,4,deer,0.8,results/cue_conflicts/candidates/conflict_187.png,results/cue_conflicts/review/conflict_187.jpg,yes,
conflict_188,4731,6,horse,506,4,deer,0.8,results/cue_conflicts/candidates/conflict_188.png,results/cue_conflicts/review/conflict_188.jpg,yes,
conflict_189,3779,6,horse,5077,4,deer,0.8,results/cue_conflicts/candidates/conflict_189.png,results/cue_conflicts/review/conflict_189.jpg,yes,
conflict_190,4341,6,horse,5467,4,deer,0.8,results/cue_conflicts/candidates/conflict_190.png,results/cue_conflicts/review/conflict_190.jpg,yes,
conflict_191,7338,6,horse,6097,4,deer,0.8,results/cue_conflicts/candidates/conflict_191.png,results/cue_conflicts/review/conflict_191.jpg,yes,
conflict_192,3777,6,horse,171,4,deer,0.8,results/cue_conflicts/candidates/conflict_192.png,results/cue_conflicts/review/conflict_192.jpg,yes,
conflict_193,7779,6,horse,4629,4,deer,0.8,results/cue_conflicts/candidates/conflict_193.png,results/cue_conflicts/review/conflict_193.jpg,yes,
conflict_194,5580,6,horse,6528,4,deer,0.8,results/cue_conflicts/candidates/conflict_194.png,results/cue_conflicts/review/conflict_194.jpg,yes,
conflict_195,7600,6,horse,7944,4,deer,0.8,results/cue_conflicts/candidates/conflict_195.png,results/cue_conflicts/review/conflict_195.jpg,yes,
conflict_196,4093,6,horse,7692,4,deer,0.8,results/cue_conflicts/candidates/conflict_196.png,results/cue_conflicts/review/conflict_196.jpg,yes,
conflict_197,964,6,horse,3078,4,deer,0.8,results/cue_conflicts/candidates/conflict_197.png,results/cue_conflicts/review/conflict_197.jpg,yes,
conflict_198,1534,6,horse,1211,4,deer,0.8,results/cue_conflicts/candidates/conflict_198.png,results/cue_conflicts/review/conflict_198.jpg,yes,
conflict_199,1667,6,horse,7940,4,deer,0.8,results/cue_conflicts/candidates/conflict_199.png,results/cue_conflicts/review/conflict_199.jpg,yes,
conflict_200,4746,6,horse,3034,4,deer,0.8,results/cue_conflicts/candidates/conflict_200.png,results/cue_conflicts/review/conflict_200.jpg,yes,
conflict_201,5220,1,bird,5450,7,monkey,0.8,results/cue_conflicts/candidates/conflict_201.png,results/cue_conflicts/review/conflict_201.jpg,no,severe artifact
conflict_202,2157,1,bird,4661,7,monkey,0.8,results/cue_conflicts/candidates/conflict_202.png,results/cue_conflicts/review/conflict_202.jpg,yes,
conflict_203,1436,1,bird,3404,7,monkey,0.8,results/cue_conflicts/candidates/conflict_203.png,results/cue_conflicts/review/conflict_203.jpg,yes,
conflict_204,6938,1,bird,1296,7,monkey,0.8,results/cue_conflicts/candidates/conflict_204.png,results/cue_conflicts/review/conflict_204.jpg,yes,
conflict_205,5488,1,bird,3446,7,monkey,0.8,results/cue_conflicts/candidates/conflict_205.png,results/cue_conflicts/review/conflict_205.jpg,yes,
conflict_206,1230,1,bird,7270,7,monkey,0.8,results/cue_conflicts/candidates/conflict_206.png,results/cue_conflicts/review/conflict_206.jpg,yes,
conflict_207,7390,1,bird,4172,7,monkey,0.8,results/cue_conflicts/candidates/conflict_207.png,results/cue_conflicts/review/conflict_207.jpg,yes,
conflict_208,1568,1,bird,323,7,monkey,0.8,results/cue_conflicts/candidates/conflict_208.png,results/cue_conflicts/review/conflict_208.jpg,yes,
conflict_209,7029,1,bird,3542,7,monkey,0.8,results/cue_conflicts/candidates/conflict_209.png,results/cue_conflicts/review/conflict_209.jpg,yes,
conflict_210,5123,1,bird,6650,7,monkey,0.8,results/cue_conflicts/candidates/conflict_210.png,results/cue_conflicts/review/conflict_210.jpg,no,content not identifiable
conflict_211,5092,1,bird,5719,7,monkey,0.8,results/cue_conflicts/candidates/conflict_211.png,results/cue_conflicts/review/conflict_211.jpg,yes,
conflict_212,6836,1,bird,1440,7,monkey,0.8,results/cue_conflicts/candidates/conflict_212.png,results/cue_conflicts/review/conflict_212.jpg,no,style not visible
conflict_213,2178,1,bird,7835,7,monkey,0.8,results/cue_conflicts/candidates/conflict_213.png,results/cue_conflicts/review/conflict_213.jpg,yes,
conflict_214,1852,1,bird,3288,7,monkey,0.8,results/cue_conflicts/candidates/conflict_214.png,results/cue_conflicts/review/conflict_214.jpg,yes,
conflict_215,6169,1,bird,3153,7,monkey,0.8,results/cue_conflicts/candidates/conflict_215.png,results/cue_conflicts/review/conflict_215.jpg,yes,
conflict_216,1109,1,bird,6084,7,monkey,0.8,results/cue_conflicts/candidates/conflict_216.png,results/cue_conflicts/review/conflict_216.jpg,yes,
conflict_217,6594,1,bird,1956,7,monkey,0.8,results/cue_conflicts/candidates/conflict_217.png,results/cue_conflicts/review/conflict_217.jpg,yes,
conflict_218,6954,1,bird,269,7,monkey,0.8,results/cue_conflicts/candidates/conflict_218.png,results/cue_conflicts/review/conflict_218.jpg,yes,
conflict_219,116,1,bird,2501,7,monkey,0.8,results/cue_conflicts/candidates/conflict_219.png,results/cue_conflicts/review/conflict_219.jpg,yes,
conflict_220,198,1,bird,7081,7,monkey,0.8,results/cue_conflicts/candidates/conflict_220.png,results/cue_conflicts/review/conflict_220.jpg,yes,
conflict_221,95,1,bird,5977,7,monkey,0.8,results/cue_conflicts/candidates/conflict_221.png,results/cue_conflicts/review/conflict_221.jpg,yes,
conflict_222,6349,1,bird,2746,7,monkey,0.8,results/cue_conflicts/candidates/conflict_222.png,results/cue_conflicts/review/conflict_222.jpg,yes,
conflict_223,3491,1,bird,1927,7,monkey,0.8,results/cue_conflicts/candidates/conflict_223.png,results/cue_conflicts/review/conflict_223.jpg,yes,
conflict_224,304,1,bird,5436,7,monkey,0.8,results/cue_conflicts/candidates/conflict_224.png,results/cue_conflicts/review/conflict_224.jpg,yes,
conflict_225,6733,1,bird,1287,7,monkey,0.8,results/cue_conflicts/candidates/conflict_225.png,results/cue_conflicts/review/conflict_225.jpg,no,severe artifact
conflict_226,1956,7,monkey,6594,1,bird,0.8,results/cue_conflicts/candidates/conflict_226.png,results/cue_conflicts/review/conflict_226.jpg,no,content not identifiable
conflict_227,2854,7,monkey,5488,1,bird,0.8,results/cue_conflicts/candidates/conflict_227.png,results/cue_conflicts/review/conflict_227.jpg,yes,
conflict_228,269,7,monkey,4640,1,bird,0.8,results/cue_conflicts/candidates/conflict_228.png,results/cue_conflicts/review/conflict_228.jpg,yes,
conflict_229,4748,7,monkey,6169,1,bird,0.8,results/cue_conflicts/candidates/conflict_229.png,results/cue_conflicts/review/conflict_229.jpg,yes,
conflict_230,4172,7,monkey,7029,1,bird,0.8,results/cue_conflicts/candidates/conflict_230.png,results/cue_conflicts/review/conflict_230.jpg,no,style not visible
conflict_231,3288,7,monkey,2095,1,bird,0.8,results/cue_conflicts/candidates/conflict_231.png,results/cue_conflicts/review/conflict_231.jpg,yes,
conflict_232,1296,7,monkey,6733,1,bird,0.8,results/cue_conflicts/candidates/conflict_232.png,results/cue_conflicts/review/conflict_232.jpg,yes,
conflict_233,6772,7,monkey,1090,1,bird,0.8,results/cue_conflicts/candidates/conflict_233.png,results/cue_conflicts/review/conflict_233.jpg,yes,
conflict_234,1473,7,monkey,5560,1,bird,0.8,results/cue_conflicts/candidates/conflict_234.png,results/cue_conflicts/review/conflict_234.jpg,yes,
conflict_235,323,7,monkey,5256,1,bird,0.8,results/cue_conflicts/candidates/conflict_235.png,results/cue_conflicts/review/conflict_235.jpg,yes,
conflict_236,6726,7,monkey,4298,1,bird,0.8,results/cue_conflicts/candidates/conflict_236.png,results/cue_conflicts/review/conflict_236.jpg,yes,
conflict_237,5848,7,monkey,6938,1,bird,0.8,results/cue_conflicts/candidates/conflict_237.png,results/cue_conflicts/review/conflict_237.jpg,yes,
conflict_238,1884,7,monkey,1230,1,bird,0.8,results/cue_conflicts/candidates/conflict_238.png,results/cue_conflicts/review/conflict_238.jpg,no,content not identifiable
conflict_239,1711,7,monkey,3413,1,bird,0.8,results/cue_conflicts/candidates/conflict_239.png,results/cue_conflicts/review/conflict_239.jpg,yes,
conflict_240,1771,7,monkey,6836,1,bird,0.8,results/cue_conflicts/candidates/conflict_240.png,results/cue_conflicts/review/conflict_240.jpg,yes,
conflict_241,2501,7,monkey,6954,1,bird,0.8,results/cue_conflicts/candidates/conflict_241.png,results/cue_conflicts/review/conflict_241.jpg,yes,
conflict_242,4704,7,monkey,261,1,bird,0.8,results/cue_conflicts/candidates/conflict_242.png,results/cue_conflicts/review/conflict_242.jpg,no,severe artifact
conflict_243,1927,7,monkey,1436,1,bird,0.8,results/cue_conflicts/candidates/conflict_243.png,results/cue_conflicts/review/conflict_243.jpg,yes,
conflict_244,1440,7,monkey,1115,1,bird,0.8,results/cue_conflicts/candidates/conflict_244.png,results/cue_conflicts/review/conflict_244.jpg,yes,
conflict_245,29,7,monkey,1986,1,bird,0.8,results/cue_conflicts/candidates/conflict_245.png,results/cue_conflicts/review/conflict_245.jpg,yes,
conflict_246,6190,7,monkey,5123,1,bird,0.8,results/cue_conflicts/candidates/conflict_246.png,results/cue_conflicts/review/conflict_246.jpg,yes,
conflict_247,5977,7,monkey,5220,1,bird,0.8,results/cue_conflicts/candidates/conflict_247.png,results/cue_conflicts/review/conflict_247.jpg,yes,
conflict_248,4791,7,monkey,2690,1,bird,0.8,results/cue_conflicts/candidates/conflict_248.png,results/cue_conflicts/review/conflict_248.jpg,yes,
conflict_249,5719,7,monkey,7955,1,bird,0.8,results/cue_conflicts/candidates/conflict_249.png,results/cue_conflicts/review/conflict_249.jpg,yes,
conflict_250,5450,7,monkey,6805,1,bird,0.8,results/cue_conflicts/candidates/conflict_250.png,results/cue_conflicts/review/conflict_250.jpg,yes,
