group,image_index,unknown_class,predicted_known_class,score,threshold,semantic_interpretation
near,6418,camel,deer,-11.864910125732422,-5.813921093940735,
near,7564,fox,cat,-11.541337966918945,-5.813921093940735,
near,351,fox,cat,-11.349377632141113,-5.813921093940735,
near,5748,bus,truck,-11.252635955810547,-5.813921093940735,
near,720,wolf,dog,-11.22804069519043,-5.813921093940735,
near,1783,fox,cat,-11.172958374023438,-5.813921093940735,
near,6339,bus,truck,-11.169191360473633,-5.813921093940735,
near,7389,pickup_truck,automobile,-11.154648780822754,-5.813921093940735,
near,4677,leopard,cat,-11.089914321899414,-5.813921093940735,
near,7980,wolf,dog,-11.010564804077148,-5.813921093940735,
near,6967,wolf,dog,-11.00281810760498,-5.813921093940735,
near,4296,bus,truck,-10.93687915802002,-5.813921093940735,
near,7658,pickup_truck,automobile,-10.912421226501465,-5.813921093940735,
near,9081,pickup_truck,automobile,-10.906225204467773,-5.813921093940735,
near,8655,bus,truck,-10.850564956665039,-5.813921093940735,
near,959,fox,dog,-10.775059700012207,-5.813921093940735,
near,9453,fox,cat,-10.694019317626953,-5.813921093940735,
near,6055,leopard,cat,-10.685951232910156,-5.813921093940735,
near,6417,camel,bird,-10.579689025878906,-5.813921093940735,
near,214,wolf,cat,-10.537153244018555,-5.813921093940735,
near,7570,pickup_truck,truck,-10.529278755187988,-5.813921093940735,
near,9406,leopard,cat,-10.498268127441406,-5.813921093940735,
near,9790,wolf,cat,-10.465670585632324,-5.813921093940735,
near,4264,fox,deer,-10.414690017700195,-5.813921093940735,
near,8715,fox,cat,-10.388374328613281,-5.813921093940735,
near,6693,fox,cat,-10.363821029663086,-5.813921093940735,
near,809,wolf,dog,-10.330731391906738,-5.813921093940735,
near,3755,bus,truck,-10.310222625732422,-5.813921093940735,
near,9878,pickup_truck,automobile,-10.28982925415039,-5.813921093940735,
near,1985,bus,automobile,-10.269161224365234,-5.813921093940735,
near,1519,wolf,dog,-10.257366180419922,-5.813921093940735,
near,6653,pickup_truck,automobile,-10.253510475158691,-5.813921093940735,
near,1994,leopard,frog,-10.245827674865723,-5.813921093940735,
near,8535,wolf,cat,-10.233243942260742,-5.813921093940735,
near,4307,bus,truck,-10.185040473937988,-5.813921093940735,
near,9871,pickup_truck,truck,-10.176979064941406,-5.813921093940735,
near,4870,pickup_truck,automobile,-10.174558639526367,-5.813921093940735,
near,4506,pickup_truck,automobile,-10.147872924804688,-5.813921093940735,
near,7559,pickup_truck,automobile,-10.091434478759766,-5.813921093940735,
near,193,bus,truck,-10.074225425720215,-5.813921093940735,
near,2832,bus,truck,-10.040312767028809,-5.813921093940735,
near,897,wolf,cat,-10.019702911376953,-5.813921093940735,
near,9187,leopard,cat,-10.010457992553711,-5.813921093940735,
near,2340,wolf,cat,-9.994670867919922,-5.813921093940735,
near,7248,fox,dog,-9.994490623474121,-5.813921093940735,
near,4335,pickup_truck,truck,-9.96379566192627,-5.813921093940735,
near,6735,leopard,cat,-9.955239295959473,-5.813921093940735,
near,5078,wolf,dog,-9.949056625366211,-5.813921093940735,
near,338,fox,dog,-9.911092758178711,-5.813921093940735,
near,8996,tractor,ship,-9.904512405395508,-5.813921093940735,
near,2219,wolf,dog,-9.901250839233398,-5.813921093940735,
near,6447,wolf,cat,-9.899989128112793,-5.813921093940735,
near,2843,bus,truck,-9.899550437927246,-5.813921093940735,
near,2544,fox,deer,-9.884361267089844,-5.813921093940735,
near,2719,bus,truck,-9.878493309020996,-5.813921093940735,
near,1662,bus,truck,-9.863670349121094,-5.813921093940735,
near,2603,pickup_truck,automobile,-9.861902236938477,-5.813921093940735,
near,460,pickup_truck,automobile,-9.860418319702148,-5.813921093940735,
near,4316,pickup_truck,truck,-9.842093467712402,-5.813921093940735,
near,3731,wolf,dog,-9.832491874694824,-5.813921093940735,
near,6767,leopard,frog,-9.829680442810059,-5.813921093940735,
near,4173,bus,truck,-9.81236743927002,-5.813921093940735,
near,5654,bus,automobile,-9.771079063415527,-5.813921093940735,
near,5113,camel,bird,-9.758454322814941,-5.813921093940735,
near,4378,wolf,dog,-9.726115226745605,-5.813921093940735,
near,2591,bus,truck,-9.715153694152832,-5.813921093940735,
near,6116,bus,truck,-9.702579498291016,-5.813921093940735,
near,3026,bus,truck,-9.697340965270996,-5.813921093940735,
near,7799,fox,horse,-9.696549415588379,-5.813921093940735,
near,2203,bus,automobile,-9.676984786987305,-5.813921093940735,
near,3532,tractor,truck,-9.675225257873535,-5.813921093940735,
near,1478,bus,truck,-9.645242691040039,-5.813921093940735,
near,7135,wolf,dog,-9.639532089233398,-5.813921093940735,
near,7028,wolf,cat,-9.635818481445312,-5.813921093940735,
near,3376,motorcycle,automobile,-9.626408576965332,-5.813921093940735,
near,5184,bus,truck,-9.623329162597656,-5.813921093940735,
near,7133,bus,truck,-9.622081756591797,-5.813921093940735,
near,3538,wolf,dog,-9.593234062194824,-5.813921093940735,
near,9927,pickup_truck,automobile,-9.587322235107422,-5.813921093940735,
near,3197,bus,truck,-9.571141242980957,-5.813921093940735,
near,5163,bus,truck,-9.551362037658691,-5.813921093940735,
near,9835,bus,truck,-9.500155448913574,-5.813921093940735,
near,5853,bus,truck,-9.492402076721191,-5.813921093940735,
near,5698,leopard,frog,-9.489690780639648,-5.813921093940735,
near,8953,pickup_truck,automobile,-9.482898712158203,-5.813921093940735,
near,4185,bus,truck,-9.477710723876953,-5.813921093940735,
near,4889,fox,horse,-9.465142250061035,-5.813921093940735,
near,3887,bus,truck,-9.453232765197754,-5.813921093940735,
near,1328,leopard,dog,-9.434223175048828,-5.813921093940735,
near,8713,wolf,dog,-9.427168846130371,-5.813921093940735,
near,8085,bus,truck,-9.41495418548584,-5.813921093940735,
near,150,pickup_truck,truck,-9.408936500549316,-5.813921093940735,
near,6395,leopard,frog,-9.403651237487793,-5.813921093940735,
near,4602,wolf,dog,-9.401947021484375,-5.813921093940735,
near,4586,bus,automobile,-9.401500701904297,-5.813921093940735,
near,555,leopard,cat,-9.401211738586426,-5.813921093940735,
near,6279,motorcycle,automobile,-9.389731407165527,-5.813921093940735,
near,5762,camel,bird,-9.37285327911377,-5.813921093940735,
near,2665,bus,truck,-9.356371879577637,-5.813921093940735,
near,5008,pickup_truck,automobile,-9.341946601867676,-5.813921093940735,
near,5449,leopard,frog,-9.336118698120117,-5.813921093940735,
near,2435,fox,cat,-9.330533027648926,-5.813921093940735,
near,4588,pickup_truck,automobile,-9.329504013061523,-5.813921093940735,
near,6162,fox,cat,-9.308853149414062,-5.813921093940735,
near,1260,tractor,truck,-9.307388305664062,-5.813921093940735,
near,8731,fox,cat,-9.30440902709961,-5.813921093940735,
near,921,tractor,truck,-9.271132469177246,-5.813921093940735,
near,2123,tractor,truck,-9.270743370056152,-5.813921093940735,
near,4341,fox,airplane,-9.261016845703125,-5.813921093940735,
near,1445,bus,truck,-9.218520164489746,-5.813921093940735,
near,7207,pickup_truck,automobile,-9.208449363708496,-5.813921093940735,
near,5009,pickup_truck,automobile,-9.207509994506836,-5.813921093940735,
near,9587,wolf,cat,-9.194164276123047,-5.813921093940735,
near,94,bus,truck,-9.16301441192627,-5.813921093940735,
near,8126,bus,automobile,-9.146580696105957,-5.813921093940735,
near,5201,bus,truck,-9.14513874053955,-5.813921093940735,
near,8604,camel,deer,-9.137033462524414,-5.813921093940735,
near,4238,leopard,dog,-9.128307342529297,-5.813921093940735,
near,6574,pickup_truck,automobile,-9.1161470413208,-5.813921093940735,
near,2956,tractor,truck,-9.11078929901123,-5.813921093940735,
near,1498,fox,cat,-9.102495193481445,-5.813921093940735,
near,4515,pickup_truck,automobile,-9.101341247558594,-5.813921093940735,
near,9368,pickup_truck,truck,-9.082305908203125,-5.813921093940735,
near,9388,pickup_truck,automobile,-9.076362609863281,-5.813921093940735,
near,1271,bus,truck,-9.070589065551758,-5.813921093940735,
near,4691,tractor,truck,-9.066305160522461,-5.813921093940735,
near,3104,leopard,cat,-9.046306610107422,-5.813921093940735,
near,9232,bus,truck,-9.034187316894531,-5.813921093940735,
near,3849,wolf,cat,-9.030731201171875,-5.813921093940735,
near,2882,pickup_truck,automobile,-9.012808799743652,-5.813921093940735,
near,6075,pickup_truck,automobile,-9.00892448425293,-5.813921093940735,
near,7875,wolf,cat,-9.00306510925293,-5.813921093940735,
near,8918,wolf,dog,-8.994932174682617,-5.813921093940735,
near,2842,wolf,cat,-8.982744216918945,-5.813921093940735,
near,632,wolf,cat,-8.980168342590332,-5.813921093940735,
near,7900,pickup_truck,automobile,-8.973665237426758,-5.813921093940735,
near,9842,fox,deer,-8.9700345993042,-5.813921093940735,
near,9261,leopard,frog,-8.94446849822998,-5.813921093940735,
near,2396,pickup_truck,automobile,-8.937788009643555,-5.813921093940735,
near,9880,pickup_truck,truck,-8.928730964660645,-5.813921093940735,
near,4464,bus,truck,-8.893940925598145,-5.813921093940735,
near,9447,pickup_truck,automobile,-8.893253326416016,-5.813921093940735,
near,3276,bus,truck,-8.883623123168945,-5.813921093940735,
near,7962,pickup_truck,truck,-8.882861137390137,-5.813921093940735,
near,255,wolf,cat,-8.876275062561035,-5.813921093940735,
near,2100,pickup_truck,automobile,-8.874685287475586,-5.813921093940735,
near,1327,pickup_truck,automobile,-8.868584632873535,-5.813921093940735,
near,3106,bus,truck,-8.843121528625488,-5.813921093940735,
near,4463,pickup_truck,automobile,-8.827020645141602,-5.813921093940735,
near,769,camel,airplane,-8.813212394714355,-5.813921093940735,
near,3817,wolf,dog,-8.808415412902832,-5.813921093940735,
near,4788,bus,automobile,-8.798080444335938,-5.813921093940735,
near,6176,bus,truck,-8.788216590881348,-5.813921093940735,
near,4610,tractor,truck,-8.786063194274902,-5.813921093940735,
near,5149,pickup_truck,truck,-8.774460792541504,-5.813921093940735,
near,8958,bus,automobile,-8.769021987915039,-5.813921093940735,
near,2102,wolf,bird,-8.75806999206543,-5.813921093940735,
near,9704,tractor,truck,-8.743849754333496,-5.813921093940735,
near,9318,leopard,cat,-8.723052024841309,-5.813921093940735,
near,8082,pickup_truck,automobile,-8.706292152404785,-5.813921093940735,
near,9019,tractor,truck,-8.69861125946045,-5.813921093940735,
near,1572,camel,deer,-8.696268081665039,-5.813921093940735,
near,1145,pickup_truck,automobile,-8.696226119995117,-5.813921093940735,
near,507,pickup_truck,truck,-8.694512367248535,-5.813921093940735,
near,6561,wolf,cat,-8.693198204040527,-5.813921093940735,
near,5142,leopard,cat,-8.690305709838867,-5.813921093940735,
near,5231,leopard,frog,-8.67984390258789,-5.813921093940735,
near,5110,pickup_truck,automobile,-8.667871475219727,-5.813921093940735,
near,7752,wolf,cat,-8.665874481201172,-5.813921093940735,
near,8143,camel,cat,-8.654458999633789,-5.813921093940735,
near,3732,motorcycle,truck,-8.651285171508789,-5.813921093940735,
near,3074,leopard,frog,-8.63879108428955,-5.813921093940735,
near,9942,wolf,dog,-8.618968963623047,-5.813921093940735,
near,8634,wolf,cat,-8.6038236618042,-5.813921093940735,
near,353,pickup_truck,automobile,-8.59508991241455,-5.813921093940735,
near,4821,pickup_truck,automobile,-8.575127601623535,-5.813921093940735,
near,4104,bus,airplane,-8.573986053466797,-5.813921093940735,
near,2321,pickup_truck,automobile,-8.569720268249512,-5.813921093940735,
near,5832,fox,deer,-8.565032958984375,-5.813921093940735,
near,8324,leopard,cat,-8.561971664428711,-5.813921093940735,
near,7279,fox,cat,-8.557779312133789,-5.813921093940735,
near,7884,tractor,ship,-8.549555778503418,-5.813921093940735,
near,8780,camel,horse,-8.534672737121582,-5.813921093940735,
near,4519,camel,bird,-8.534650802612305,-5.813921093940735,
near,9429,pickup_truck,automobile,-8.53402042388916,-5.813921093940735,
near,8455,pickup_truck,automobile,-8.533303260803223,-5.813921093940735,
near,1771,leopard,deer,-8.532184600830078,-5.813921093940735,
near,9288,tractor,truck,-8.521445274353027,-5.813921093940735,
near,2948,camel,deer,-8.516254425048828,-5.813921093940735,
near,1026,wolf,dog,-8.499345779418945,-5.813921093940735,
near,9110,camel,horse,-8.477293968200684,-5.813921093940735,
near,2756,fox,cat,-8.465841293334961,-5.813921093940735,
near,6430,tractor,truck,-8.454832077026367,-5.813921093940735,
near,4881,pickup_truck,automobile,-8.450023651123047,-5.813921093940735,
near,8904,leopard,frog,-8.442691802978516,-5.813921093940735,
near,7308,wolf,dog,-8.426198959350586,-5.813921093940735,
near,6712,bus,truck,-8.425601959228516,-5.813921093940735,
near,5495,tractor,truck,-8.386370658874512,-5.813921093940735,
near,5732,pickup_truck,automobile,-8.37126350402832,-5.813921093940735,
near,945,leopard,frog,-8.366172790527344,-5.813921093940735,
near,8219,pickup_truck,automobile,-8.362350463867188,-5.813921093940735,
near,4234,camel,deer,-8.347055435180664,-5.813921093940735,
near,7225,fox,cat,-8.343616485595703,-5.813921093940735,
near,1212,pickup_truck,automobile,-8.33532428741455,-5.813921093940735,
near,7441,bus,truck,-8.32442855834961,-5.813921093940735,
near,7582,wolf,deer,-8.304814338684082,-5.813921093940735,
near,5285,camel,dog,-8.29022216796875,-5.813921093940735,
near,4153,wolf,cat,-8.281086921691895,-5.813921093940735,
near,5550,tractor,truck,-8.277949333190918,-5.813921093940735,
near,5084,fox,cat,-8.268826484680176,-5.813921093940735,
near,1489,bus,truck,-8.267539024353027,-5.813921093940735,
near,317,camel,bird,-8.267135620117188,-5.813921093940735,
near,4435,camel,dog,-8.262788772583008,-5.813921093940735,
near,6324,wolf,cat,-8.261863708496094,-5.813921093940735,
near,9575,leopard,frog,-8.260841369628906,-5.813921093940735,
near,5015,bus,truck,-8.254858016967773,-5.813921093940735,
near,5458,leopard,cat,-8.241170883178711,-5.813921093940735,
near,6652,wolf,horse,-8.227144241333008,-5.813921093940735,
near,8407,wolf,cat,-8.215648651123047,-5.813921093940735,
near,1345,wolf,cat,-8.208171844482422,-5.813921093940735,
near,7812,bus,truck,-8.2046537399292,-5.813921093940735,
near,5619,fox,cat,-8.18951416015625,-5.813921093940735,
near,2484,bus,truck,-8.18066692352295,-5.813921093940735,
near,3605,fox,dog,-8.17860221862793,-5.813921093940735,
near,5317,pickup_truck,automobile,-8.1731538772583,-5.813921093940735,
near,17,wolf,cat,-8.171506881713867,-5.813921093940735,
near,2618,wolf,cat,-8.16616153717041,-5.813921093940735,
near,9142,camel,horse,-8.161556243896484,-5.813921093940735,
near,2064,wolf,dog,-8.156243324279785,-5.813921093940735,
near,626,motorcycle,automobile,-8.149473190307617,-5.813921093940735,
near,3558,motorcycle,automobile,-8.149328231811523,-5.813921093940735,
near,9768,wolf,cat,-8.145849227905273,-5.813921093940735,
near,2675,tractor,truck,-8.143982887268066,-5.813921093940735,
near,149,pickup_truck,automobile,-8.142984390258789,-5.813921093940735,
near,1510,camel,deer,-8.131734848022461,-5.813921093940735,
near,6401,leopard,frog,-8.128938674926758,-5.813921093940735,
near,796,pickup_truck,truck,-8.120205879211426,-5.813921093940735,
near,4754,fox,deer,-8.104974746704102,-5.813921093940735,
near,5756,pickup_truck,automobile,-8.104440689086914,-5.813921093940735,
near,6807,tractor,truck,-8.102404594421387,-5.813921093940735,
near,2647,leopard,frog,-8.099272727966309,-5.813921093940735,
near,3877,wolf,cat,-8.097150802612305,-5.813921093940735,
near,969,fox,cat,-8.089302062988281,-5.813921093940735,
near,156,pickup_truck,truck,-8.085965156555176,-5.813921093940735,
near,7590,tractor,truck,-8.0691556930542,-5.813921093940735,
near,4663,tractor,truck,-8.0433931350708,-5.813921093940735,
near,5781,wolf,cat,-8.032137870788574,-5.813921093940735,
near,5291,wolf,dog,-8.030158996582031,-5.813921093940735,
near,5715,pickup_truck,automobile,-7.9990620613098145,-5.813921093940735,
near,7087,wolf,cat,-7.996099472045898,-5.813921093940735,
near,8023,bus,truck,-7.9942545890808105,-5.813921093940735,
near,3484,tractor,truck,-7.979650974273682,-5.813921093940735,
near,5905,leopard,frog,-7.976809024810791,-5.813921093940735,
near,8391,pickup_truck,truck,-7.960400104522705,-5.813921093940735,
near,8966,pickup_truck,automobile,-7.950772762298584,-5.813921093940735,
near,8187,fox,cat,-7.923225402832031,-5.813921093940735,
near,7128,camel,horse,-7.916718006134033,-5.813921093940735,
near,1799,fox,cat,-7.916375160217285,-5.813921093940735,
near,1320,fox,dog,-7.9081339836120605,-5.813921093940735,
near,1698,fox,deer,-7.9065752029418945,-5.813921093940735,
near,4611,leopard,frog,-7.902313709259033,-5.813921093940735,
near,7445,camel,deer,-7.887182712554932,-5.813921093940735,
near,8735,fox,cat,-7.878332614898682,-5.813921093940735,
near,8150,fox,cat,-7.870935440063477,-5.813921093940735,
near,9346,wolf,dog,-7.853837966918945,-5.813921093940735,
near,2415,camel,deer,-7.832890510559082,-5.813921093940735,
near,7125,wolf,cat,-7.8273115158081055,-5.813921093940735,
near,1060,camel,horse,-7.8166680335998535,-5.813921093940735,
near,3748,motorcycle,cat,-7.809438228607178,-5.813921093940735,
near,9612,leopard,frog,-7.809387683868408,-5.813921093940735,
near,8695,leopard,frog,-7.803930282592773,-5.813921093940735,
near,7376,bus,truck,-7.789821624755859,-5.813921093940735,
near,9504,pickup_truck,truck,-7.77770471572876,-5.813921093940735,
near,9965,wolf,dog,-7.771790981292725,-5.813921093940735,
near,9345,motorcycle,automobile,-7.759195804595947,-5.813921093940735,
near,2144,tractor,truck,-7.7569966316223145,-5.813921093940735,
near,3567,leopard,dog,-7.751950263977051,-5.813921093940735,
near,5175,motorcycle,truck,-7.749780178070068,-5.813921093940735,
near,5920,bus,truck,-7.74817419052124,-5.813921093940735,
near,9930,bus,truck,-7.740069389343262,-5.813921093940735,
near,8258,tractor,truck,-7.739693641662598,-5.813921093940735,
near,9203,tractor,truck,-7.737217426300049,-5.813921093940735,
near,684,wolf,dog,-7.736654758453369,-5.813921093940735,
near,7407,leopard,frog,-7.734694957733154,-5.813921093940735,
near,619,bus,automobile,-7.72603178024292,-5.813921093940735,
near,1034,bus,truck,-7.72524356842041,-5.813921093940735,
near,299,tractor,automobile,-7.721164703369141,-5.813921093940735,
near,2698,bus,automobile,-7.704096794128418,-5.813921093940735,
near,5029,camel,deer,-7.699690818786621,-5.813921093940735,
near,3868,bus,automobile,-7.699233531951904,-5.813921093940735,
near,952,leopard,cat,-7.695618152618408,-5.813921093940735,
near,5478,leopard,deer,-7.684355735778809,-5.813921093940735,
near,6552,wolf,cat,-7.684110641479492,-5.813921093940735,
near,9572,bus,truck,-7.679701328277588,-5.813921093940735,
near,957,bus,truck,-7.667395114898682,-5.813921093940735,
near,7508,bus,truck,-7.646197319030762,-5.813921093940735,
near,766,bus,truck,-7.6412529945373535,-5.813921093940735,
near,4182,fox,deer,-7.640462398529053,-5.813921093940735,
near,7109,motorcycle,automobile,-7.6327223777771,-5.813921093940735,
near,1752,wolf,cat,-7.631919860839844,-5.813921093940735,
near,5634,bus,truck,-7.629708766937256,-5.813921093940735,
near,6924,leopard,frog,-7.623706340789795,-5.813921093940735,
near,7412,leopard,frog,-7.60774564743042,-5.813921093940735,
near,4201,bus,truck,-7.595250129699707,-5.813921093940735,
near,5445,tractor,truck,-7.591010570526123,-5.813921093940735,
near,5129,pickup_truck,truck,-7.5656046867370605,-5.813921093940735,
near,2933,wolf,cat,-7.5395097732543945,-5.813921093940735,
near,8165,pickup_truck,automobile,-7.533766269683838,-5.813921093940735,
near,3236,bus,automobile,-7.516289710998535,-5.813921093940735,
near,3644,fox,deer,-7.481168270111084,-5.813921093940735,
near,2986,wolf,dog,-7.475834369659424,-5.813921093940735,
near,4283,wolf,cat,-7.475683212280273,-5.813921093940735,
near,5293,camel,horse,-7.474745750427246,-5.813921093940735,
near,7367,leopard,frog,-7.457514762878418,-5.813921093940735,
near,5572,motorcycle,automobile,-7.455600261688232,-5.813921093940735,
near,5425,wolf,dog,-7.446650981903076,-5.813921093940735,
near,8648,camel,bird,-7.443954944610596,-5.813921093940735,
near,7866,pickup_truck,automobile,-7.428874969482422,-5.813921093940735,
near,3177,tractor,truck,-7.416210174560547,-5.813921093940735,
near,6616,camel,dog,-7.411792755126953,-5.813921093940735,
near,8609,bus,truck,-7.411703109741211,-5.813921093940735,
near,8026,tractor,truck,-7.398534297943115,-5.813921093940735,
near,2992,tractor,airplane,-7.385363578796387,-5.813921093940735,
near,1023,motorcycle,truck,-7.379756450653076,-5.813921093940735,
near,9317,wolf,cat,-7.369093894958496,-5.813921093940735,
near,6061,leopard,cat,-7.363255977630615,-5.813921093940735,
near,9546,bus,truck,-7.361375331878662,-5.813921093940735,
near,3608,fox,cat,-7.34969425201416,-5.813921093940735,
near,2834,camel,horse,-7.348796844482422,-5.813921093940735,
near,6930,tractor,truck,-7.344377040863037,-5.813921093940735,
near,1913,pickup_truck,truck,-7.339580059051514,-5.813921093940735,
near,1882,camel,cat,-7.33366060256958,-5.813921093940735,
near,4004,fox,cat,-7.306702613830566,-5.813921093940735,
near,3549,leopard,cat,-7.278184413909912,-5.813921093940735,
near,8947,pickup_truck,truck,-7.272369861602783,-5.813921093940735,
near,2828,fox,cat,-7.269680976867676,-5.813921093940735,
near,2518,fox,dog,-7.248592853546143,-5.813921093940735,
near,4285,wolf,dog,-7.216121673583984,-5.813921093940735,
near,3368,fox,deer,-7.209277153015137,-5.813921093940735,
near,7333,camel,dog,-7.20427131652832,-5.813921093940735,
near,6816,fox,dog,-7.202293872833252,-5.813921093940735,
near,2012,pickup_truck,truck,-7.197543144226074,-5.813921093940735,
near,5472,leopard,cat,-7.195380687713623,-5.813921093940735,
near,3200,leopard,cat,-7.186091899871826,-5.813921093940735,
near,2349,fox,deer,-7.176623344421387,-5.813921093940735,
near,8596,bus,truck,-7.172506809234619,-5.813921093940735,
near,4621,fox,deer,-7.1712727546691895,-5.813921093940735,
near,5031,wolf,cat,-7.170612335205078,-5.813921093940735,
near,9205,motorcycle,automobile,-7.169656753540039,-5.813921093940735,
near,8329,tractor,truck,-7.1679253578186035,-5.813921093940735,
near,8101,wolf,cat,-7.167110919952393,-5.813921093940735,
near,354,motorcycle,automobile,-7.1632771492004395,-5.813921093940735,
near,259,leopard,cat,-7.16091251373291,-5.813921093940735,
near,274,leopard,frog,-7.146137714385986,-5.813921093940735,
near,2336,fox,deer,-7.143858909606934,-5.813921093940735,
near,5516,camel,bird,-7.142798900604248,-5.813921093940735,
near,5399,leopard,cat,-7.1260480880737305,-5.813921093940735,
near,1425,fox,deer,-7.123856544494629,-5.813921093940735,
near,4387,pickup_truck,truck,-7.12102746963501,-5.813921093940735,
near,5253,camel,dog,-7.119500637054443,-5.813921093940735,
near,3487,wolf,dog,-7.118227958679199,-5.813921093940735,
near,8906,tractor,airplane,-7.117063999176025,-5.813921093940735,
near,5726,fox,bird,-7.104785919189453,-5.813921093940735,
near,58,leopard,cat,-7.102132797241211,-5.813921093940735,
near,8717,bus,truck,-7.089573383331299,-5.813921093940735,
near,313,leopard,cat,-7.088630199432373,-5.813921093940735,
near,1133,fox,deer,-7.078380584716797,-5.813921093940735,
near,1081,tractor,truck,-7.060012340545654,-5.813921093940735,
near,8693,pickup_truck,truck,-7.050412654876709,-5.813921093940735,
near,5327,tractor,truck,-7.041763782501221,-5.813921093940735,
near,5408,wolf,cat,-7.040197372436523,-5.813921093940735,
near,5664,camel,dog,-7.033046245574951,-5.813921093940735,
near,8109,fox,deer,-7.032242298126221,-5.813921093940735,
near,4255,fox,horse,-7.0317063331604,-5.813921093940735,
near,2051,camel,horse,-7.018565654754639,-5.813921093940735,
near,7561,wolf,bird,-7.01401424407959,-5.813921093940735,
near,2946,camel,dog,-7.009843826293945,-5.813921093940735,
near,7417,leopard,frog,-7.006290912628174,-5.813921093940735,
near,1491,pickup_truck,automobile,-7.004302501678467,-5.813921093940735,
near,5738,pickup_truck,automobile,-6.9901204109191895,-5.813921093940735,
near,9886,wolf,dog,-6.989854335784912,-5.813921093940735,
near,7298,camel,horse,-6.970901012420654,-5.813921093940735,
near,3412,tractor,truck,-6.9669365882873535,-5.813921093940735,
near,1620,leopard,cat,-6.961455821990967,-5.813921093940735,
near,7160,motorcycle,automobile,-6.9594950675964355,-5.813921093940735,
near,5455,camel,horse,-6.955576419830322,-5.813921093940735,
near,1432,fox,cat,-6.931217193603516,-5.813921093940735,
near,9676,pickup_truck,automobile,-6.928229808807373,-5.813921093940735,
near,7973,fox,cat,-6.919898509979248,-5.813921093940735,
near,2826,wolf,deer,-6.912107467651367,-5.813921093940735,
near,5519,camel,deer,-6.911892414093018,-5.813921093940735,
near,4998,bus,truck,-6.898830890655518,-5.813921093940735,
near,4320,leopard,cat,-6.888538360595703,-5.813921093940735,
near,3630,pickup_truck,truck,-6.882584095001221,-5.813921093940735,
near,3054,motorcycle,airplane,-6.88070011138916,-5.813921093940735,
near,5249,camel,dog,-6.876895904541016,-5.813921093940735,
near,939,wolf,cat,-6.866958141326904,-5.813921093940735,
near,8418,wolf,cat,-6.8581438064575195,-5.813921093940735,
near,7816,bus,truck,-6.838083744049072,-5.813921093940735,
near,6866,tractor,truck,-6.837522029876709,-5.813921093940735,
near,7119,pickup_truck,truck,-6.834925651550293,-5.813921093940735,
near,4468,bus,truck,-6.819060802459717,-5.813921093940735,
near,6063,tractor,truck,-6.81817102432251,-5.813921093940735,
near,4703,fox,deer,-6.816954612731934,-5.813921093940735,
near,2029,tractor,truck,-6.81469202041626,-5.813921093940735,
near,7194,camel,deer,-6.810512065887451,-5.813921093940735,
near,4992,leopard,frog,-6.806015491485596,-5.813921093940735,
near,5141,tractor,automobile,-6.800769329071045,-5.813921093940735,
near,5064,bus,truck,-6.784548282623291,-5.813921093940735,
near,7609,leopard,cat,-6.778524398803711,-5.813921093940735,
near,811,camel,deer,-6.7783589363098145,-5.813921093940735,
near,4808,bus,airplane,-6.775032997131348,-5.813921093940735,
near,7974,leopard,cat,-6.761750221252441,-5.813921093940735,
near,4731,tractor,truck,-6.753267288208008,-5.813921093940735,
near,7289,motorcycle,automobile,-6.7517781257629395,-5.813921093940735,
near,751,camel,cat,-6.735565185546875,-5.813921093940735,
near,7021,fox,cat,-6.7281084060668945,-5.813921093940735,
near,5650,motorcycle,automobile,-6.719092845916748,-5.813921093940735,
near,6360,tractor,automobile,-6.715622425079346,-5.813921093940735,
near,3947,bus,truck,-6.7098469734191895,-5.813921093940735,
near,5350,motorcycle,truck,-6.706810474395752,-5.813921093940735,
near,7621,fox,cat,-6.700806140899658,-5.813921093940735,
near,1227,fox,cat,-6.694177627563477,-5.813921093940735,
near,4027,tractor,truck,-6.686552047729492,-5.813921093940735,
near,2033,motorcycle,truck,-6.686028003692627,-5.813921093940735,
near,1155,pickup_truck,truck,-6.679616451263428,-5.813921093940735,
near,3338,leopard,cat,-6.675319194793701,-5.813921093940735,
near,9662,pickup_truck,automobile,-6.651170253753662,-5.813921093940735,
near,6080,fox,deer,-6.649957180023193,-5.813921093940735,
near,6160,wolf,cat,-6.630983352661133,-5.813921093940735,
near,1423,camel,dog,-6.625615119934082,-5.813921093940735,
near,5494,camel,horse,-6.618076801300049,-5.813921093940735,
near,1568,pickup_truck,automobile,-6.616743564605713,-5.813921093940735,
near,9252,bus,truck,-6.612454414367676,-5.813921093940735,
near,803,pickup_truck,automobile,-6.612250804901123,-5.813921093940735,
near,3760,fox,cat,-6.602075576782227,-5.813921093940735,
near,9647,camel,horse,-6.601215839385986,-5.813921093940735,
near,7373,fox,deer,-6.587618827819824,-5.813921093940735,
near,1404,motorcycle,cat,-6.578335285186768,-5.813921093940735,
near,9017,motorcycle,automobile,-6.565863609313965,-5.813921093940735,
near,995,tractor,truck,-6.5604166984558105,-5.813921093940735,
near,8405,fox,deer,-6.557895183563232,-5.813921093940735,
near,6746,wolf,cat,-6.554994583129883,-5.813921093940735,
near,3564,bus,truck,-6.550662994384766,-5.813921093940735,
near,1427,bus,automobile,-6.542452335357666,-5.813921093940735,
near,1096,motorcycle,cat,-6.539350509643555,-5.813921093940735,
near,4470,wolf,cat,-6.5385823249816895,-5.813921093940735,
near,2624,tractor,truck,-6.52946138381958,-5.813921093940735,
near,8310,leopard,frog,-6.528822422027588,-5.813921093940735,
near,3478,bus,truck,-6.528780937194824,-5.813921093940735,
near,1645,fox,deer,-6.522941589355469,-5.813921093940735,
near,9377,pickup_truck,automobile,-6.517198085784912,-5.813921093940735,
near,5568,pickup_truck,truck,-6.510051250457764,-5.813921093940735,
near,9815,bus,automobile,-6.506932735443115,-5.813921093940735,
near,4461,motorcycle,airplane,-6.504930019378662,-5.813921093940735,
near,8519,pickup_truck,automobile,-6.501396656036377,-5.813921093940735,
near,6469,fox,deer,-6.472955703735352,-5.813921093940735,
near,5819,leopard,cat,-6.465126991271973,-5.813921093940735,
near,9998,leopard,frog,-6.462707042694092,-5.813921093940735,
near,5736,pickup_truck,truck,-6.4565815925598145,-5.813921093940735,
near,6163,fox,deer,-6.455013275146484,-5.813921093940735,
near,5025,tractor,truck,-6.4475626945495605,-5.813921093940735,
near,256,pickup_truck,truck,-6.4382147789001465,-5.813921093940735,
near,6382,motorcycle,automobile,-6.423593997955322,-5.813921093940735,
near,6411,bus,automobile,-6.406649112701416,-5.813921093940735,
near,650,camel,bird,-6.402896881103516,-5.813921093940735,
near,2171,tractor,ship,-6.400210380554199,-5.813921093940735,
near,3823,fox,cat,-6.396185398101807,-5.813921093940735,
near,262,tractor,truck,-6.38678503036499,-5.813921093940735,
near,9807,tractor,truck,-6.367679119110107,-5.813921093940735,
near,4426,bus,automobile,-6.359595775604248,-5.813921093940735,
near,9093,camel,bird,-6.355528831481934,-5.813921093940735,
near,3908,fox,cat,-6.337917327880859,-5.813921093940735,
near,8381,fox,frog,-6.320619106292725,-5.813921093940735,
near,4943,leopard,deer,-6.3038201332092285,-5.813921093940735,
near,7472,wolf,horse,-6.30266809463501,-5.813921093940735,
near,242,fox,horse,-6.292979717254639,-5.813921093940735,
near,3613,wolf,dog,-6.282362461090088,-5.813921093940735,
near,4109,tractor,truck,-6.270246982574463,-5.813921093940735,
near,6545,fox,deer,-6.26624870300293,-5.813921093940735,
near,8503,pickup_truck,automobile,-6.258683204650879,-5.813921093940735,
near,9833,motorcycle,automobile,-6.252215385437012,-5.813921093940735,
near,409,tractor,truck,-6.2493133544921875,-5.813921093940735,
near,6528,wolf,dog,-6.246462345123291,-5.813921093940735,
near,8598,camel,deer,-6.234930038452148,-5.813921093940735,
near,6546,tractor,bird,-6.231391429901123,-5.813921093940735,
near,1843,leopard,deer,-6.230908393859863,-5.813921093940735,
near,9030,pickup_truck,automobile,-6.217618465423584,-5.813921093940735,
near,9276,motorcycle,airplane,-6.184477806091309,-5.813921093940735,
near,7994,pickup_truck,airplane,-6.154584884643555,-5.813921093940735,
near,4345,camel,dog,-6.151217460632324,-5.813921093940735,
near,2678,leopard,cat,-6.146397113800049,-5.813921093940735,
near,5912,wolf,cat,-6.133126735687256,-5.813921093940735,
near,3933,pickup_truck,automobile,-6.131796836853027,-5.813921093940735,
near,1321,motorcycle,truck,-6.129603862762451,-5.813921093940735,
near,6132,wolf,cat,-6.11845588684082,-5.813921093940735,
near,3913,tractor,truck,-6.114334583282471,-5.813921093940735,
near,7006,tractor,truck,-6.099031925201416,-5.813921093940735,
near,5469,motorcycle,cat,-6.087544918060303,-5.813921093940735,
near,2356,fox,deer,-6.085267066955566,-5.813921093940735,
near,2145,camel,deer,-6.077484130859375,-5.813921093940735,
near,7200,camel,bird,-6.068527698516846,-5.813921093940735,
near,2570,leopard,cat,-6.059554100036621,-5.813921093940735,
near,9936,leopard,cat,-6.0438690185546875,-5.813921093940735,
near,8763,motorcycle,automobile,-6.0400004386901855,-5.813921093940735,
near,2556,pickup_truck,truck,-6.0343852043151855,-5.813921093940735,
near,7078,leopard,cat,-6.027652740478516,-5.813921093940735,
near,2211,leopard,cat,-6.026859760284424,-5.813921093940735,
near,1218,motorcycle,automobile,-6.023262977600098,-5.813921093940735,
near,3607,fox,dog,-6.018918037414551,-5.813921093940735,
near,9708,tractor,truck,-6.016845226287842,-5.813921093940735,
near,3831,camel,horse,-6.016844272613525,-5.813921093940735,
near,2891,fox,cat,-6.01517391204834,-5.813921093940735,
near,7375,wolf,cat,-5.9981689453125,-5.813921093940735,
near,6409,leopard,cat,-5.996344566345215,-5.813921093940735,
near,3319,camel,dog,-5.991675853729248,-5.813921093940735,
near,2019,bus,truck,-5.982839584350586,-5.813921093940735,
near,7471,motorcycle,cat,-5.975335121154785,-5.813921093940735,
near,3525,motorcycle,horse,-5.971914768218994,-5.813921093940735,
near,4313,fox,cat,-5.960860729217529,-5.813921093940735,
near,702,leopard,bird,-5.954282760620117,-5.813921093940735,
near,9058,leopard,frog,-5.946074962615967,-5.813921093940735,
near,9014,camel,dog,-5.940433979034424,-5.813921093940735,
near,3379,leopard,cat,-5.914522171020508,-5.813921093940735,
near,2712,camel,horse,-5.913806438446045,-5.813921093940735,
near,578,pickup_truck,automobile,-5.911938190460205,-5.813921093940735,
near,9914,leopard,deer,-5.871201515197754,-5.813921093940735,
near,5182,tractor,ship,-5.868768692016602,-5.813921093940735,
near,8672,fox,dog,-5.849496364593506,-5.813921093940735,
near,5932,pickup_truck,automobile,-5.836537837982178,-5.813921093940735,
near,3537,pickup_truck,truck,-5.827620029449463,-5.813921093940735,
near,712,wolf,cat,-5.821220397949219,-5.813921093940735,
near,8185,fox,deer,-5.819457054138184,-5.813921093940735,
near,7427,leopard,frog,-5.817510604858398,-5.813921093940735,
far,2797,bowl,cat,-12.249451637268066,-5.813921093940735,
far,6297,keyboard,bird,-11.434582710266113,-5.813921093940735,
far,5260,sunflower,bird,-11.40468692779541,-5.813921093940735,
far,5096,chair,airplane,-11.314764022827148,-5.813921093940735,
far,3888,bottle,cat,-11.269279479980469,-5.813921093940735,
far,5981,bottle,cat,-11.254217147827148,-5.813921093940735,
far,7443,bottle,cat,-11.180667877197266,-5.813921093940735,
far,3317,chair,airplane,-11.152883529663086,-5.813921093940735,
far,5219,mushroom,cat,-11.117935180664062,-5.813921093940735,
far,6245,chair,airplane,-10.888699531555176,-5.813921093940735,
far,1560,clock,cat,-10.848886489868164,-5.813921093940735,
far,3378,wardrobe,cat,-10.811759948730469,-5.813921093940735,
far,8616,sunflower,bird,-10.781188011169434,-5.813921093940735,
far,621,keyboard,bird,-10.675155639648438,-5.813921093940735,
far,4683,bottle,cat,-10.625444412231445,-5.813921093940735,
far,8707,mushroom,bird,-10.611603736877441,-5.813921093940735,
far,2915,wardrobe,truck,-10.576622009277344,-5.813921093940735,
far,1454,mushroom,bird,-10.524810791015625,-5.813921093940735,
far,5690,clock,airplane,-10.495142936706543,-5.813921093940735,
far,9492,bowl,ship,-10.449466705322266,-5.813921093940735,
far,8369,keyboard,truck,-10.377632141113281,-5.813921093940735,
far,6269,clock,cat,-10.2429838180542,-5.813921093940735,
far,5820,mushroom,bird,-10.219366073608398,-5.813921093940735,
far,1196,mushroom,frog,-10.198347091674805,-5.813921093940735,
far,5414,clock,cat,-10.16455364227295,-5.813921093940735,
far,9270,wardrobe,cat,-10.141672134399414,-5.813921093940735,
far,5082,wardrobe,cat,-10.052752494812012,-5.813921093940735,
far,1865,bowl,cat,-10.038207054138184,-5.813921093940735,
far,6774,clock,bird,-10.033283233642578,-5.813921093940735,
far,3502,mushroom,frog,-10.012505531311035,-5.813921093940735,
far,4321,clock,truck,-10.003724098205566,-5.813921093940735,
far,1052,keyboard,cat,-9.981557846069336,-5.813921093940735,
far,5944,mushroom,cat,-9.732413291931152,-5.813921093940735,
far,6491,chair,airplane,-9.723339080810547,-5.813921093940735,
far,2302,bowl,frog,-9.707901000976562,-5.813921093940735,
far,3386,sunflower,cat,-9.703311920166016,-5.813921093940735,
far,1781,sunflower,airplane,-9.59428882598877,-5.813921093940735,
far,4982,mushroom,bird,-9.562663078308105,-5.813921093940735,
far,3247,keyboard,truck,-9.543976783752441,-5.813921093940735,
far,6033,bowl,automobile,-9.540560722351074,-5.813921093940735,
far,3853,wardrobe,truck,-9.47378921508789,-5.813921093940735,
far,3186,chair,airplane,-9.460290908813477,-5.813921093940735,
far,9600,chair,airplane,-9.419378280639648,-5.813921093940735,
far,5686,bottle,cat,-9.40436840057373,-5.813921093940735,
far,3586,keyboard,cat,-9.402042388916016,-5.813921093940735,
far,2086,chair,airplane,-9.349973678588867,-5.813921093940735,
far,5666,wardrobe,cat,-9.321845054626465,-5.813921093940735,
far,1792,chair,cat,-9.305649757385254,-5.813921093940735,
far,2656,bowl,cat,-9.299517631530762,-5.813921093940735,
far,6687,sunflower,cat,-9.281495094299316,-5.813921093940735,
far,52,bottle,bird,-9.27302360534668,-5.813921093940735,
far,714,sunflower,bird,-9.233942031860352,-5.813921093940735,
far,4704,clock,truck,-9.198655128479004,-5.813921093940735,
far,9533,clock,bird,-9.116449356079102,-5.813921093940735,
far,6254,bowl,cat,-9.115769386291504,-5.813921093940735,
far,3968,mushroom,frog,-9.098153114318848,-5.813921093940735,
far,114,bottle,cat,-9.067662239074707,-5.813921093940735,
far,2972,sunflower,cat,-9.051637649536133,-5.813921093940735,
far,8236,wardrobe,truck,-9.045321464538574,-5.813921093940735,
far,1163,clock,airplane,-9.011123657226562,-5.813921093940735,
far,6030,sunflower,bird,-8.949298858642578,-5.813921093940735,
far,8312,keyboard,airplane,-8.935159683227539,-5.813921093940735,
far,4785,sunflower,bird,-8.917312622070312,-5.813921093940735,
far,5577,keyboard,frog,-8.896124839782715,-5.813921093940735,
far,2620,mushroom,bird,-8.845759391784668,-5.813921093940735,
far,8930,wardrobe,cat,-8.841726303100586,-5.813921093940735,
far,365,bowl,frog,-8.83117961883545,-5.813921093940735,
far,3305,mushroom,frog,-8.817281723022461,-5.813921093940735,
far,6673,clock,cat,-8.812816619873047,-5.813921093940735,
far,6558,mushroom,bird,-8.811544418334961,-5.813921093940735,
far,3730,bowl,cat,-8.810235023498535,-5.813921093940735,
far,318,bowl,cat,-8.790870666503906,-5.813921093940735,
far,3765,bowl,ship,-8.782444953918457,-5.813921093940735,
far,9716,bottle,cat,-8.782308578491211,-5.813921093940735,
far,1130,bottle,cat,-8.726503372192383,-5.813921093940735,
far,9778,mushroom,bird,-8.711690902709961,-5.813921093940735,
far,7632,mushroom,frog,-8.689473152160645,-5.813921093940735,
far,7543,chair,truck,-8.687110900878906,-5.813921093940735,
far,2510,bottle,cat,-8.679736137390137,-5.813921093940735,
far,8656,bowl,cat,-8.654632568359375,-5.813921093940735,
far,9186,wardrobe,cat,-8.652711868286133,-5.813921093940735,
far,9681,sunflower,cat,-8.639528274536133,-5.813921093940735,
far,77,bowl,truck,-8.591020584106445,-5.813921093940735,
far,4334,bottle,cat,-8.580181121826172,-5.813921093940735,
far,4259,chair,airplane,-8.571990013122559,-5.813921093940735,
far,4245,wardrobe,cat,-8.554365158081055,-5.813921093940735,
far,6388,sunflower,bird,-8.519231796264648,-5.813921093940735,
far,5565,wardrobe,cat,-8.501424789428711,-5.813921093940735,
far,2108,chair,airplane,-8.500340461730957,-5.813921093940735,
far,1820,mushroom,frog,-8.489458084106445,-5.813921093940735,
far,1586,clock,truck,-8.48197078704834,-5.813921093940735,
far,611,sunflower,bird,-8.476513862609863,-5.813921093940735,
far,3770,sunflower,bird,-8.471382141113281,-5.813921093940735,
far,6390,wardrobe,truck,-8.46973991394043,-5.813921093940735,
far,9193,mushroom,cat,-8.466384887695312,-5.813921093940735,
far,439,bowl,cat,-8.456216812133789,-5.813921093940735,
far,3429,sunflower,cat,-8.429450035095215,-5.813921093940735,
far,3579,keyboard,airplane,-8.401141166687012,-5.813921093940735,
far,7982,chair,cat,-8.37844181060791,-5.813921093940735,
far,8475,sunflower,bird,-8.360257148742676,-5.813921093940735,
far,647,wardrobe,cat,-8.342451095581055,-5.813921093940735,
far,2856,sunflower,bird,-8.339941024780273,-5.813921093940735,
far,8004,bowl,cat,-8.327375411987305,-5.813921093940735,
far,9396,sunflower,cat,-8.303215026855469,-5.813921093940735,
far,7483,mushroom,frog,-8.258767127990723,-5.813921093940735,
far,5777,keyboard,airplane,-8.25828742980957,-5.813921093940735,
far,8701,mushroom,dog,-8.255754470825195,-5.813921093940735,
far,3728,bowl,cat,-8.250415802001953,-5.813921093940735,
far,9734,wardrobe,cat,-8.1896333694458,-5.813921093940735,
far,8498,chair,bird,-8.180503845214844,-5.813921093940735,
far,1696,bowl,cat,-8.151107788085938,-5.813921093940735,
far,4031,wardrobe,cat,-8.08829116821289,-5.813921093940735,
far,3210,clock,automobile,-8.076850891113281,-5.813921093940735,
far,220,wardrobe,truck,-8.062018394470215,-5.813921093940735,
far,4466,wardrobe,cat,-8.029757499694824,-5.813921093940735,
far,3115,sunflower,cat,-7.997011184692383,-5.813921093940735,
far,2470,chair,airplane,-7.9770002365112305,-5.813921093940735,
far,9795,bowl,airplane,-7.970882415771484,-5.813921093940735,
far,6079,bowl,dog,-7.967874526977539,-5.813921093940735,
far,976,sunflower,truck,-7.941009044647217,-5.813921093940735,
far,6413,wardrobe,truck,-7.940319061279297,-5.813921093940735,
far,1470,wardrobe,cat,-7.937047481536865,-5.813921093940735,
far,1002,wardrobe,cat,-7.915280818939209,-5.813921093940735,
far,6981,clock,ship,-7.905949592590332,-5.813921093940735,
far,1760,mushroom,bird,-7.904465675354004,-5.813921093940735,
far,3787,wardrobe,cat,-7.900015830993652,-5.813921093940735,
far,9303,clock,automobile,-7.876765727996826,-5.813921093940735,
far,3304,bowl,bird,-7.865894317626953,-5.813921093940735,
far,6131,keyboard,truck,-7.845692157745361,-5.813921093940735,
far,1930,clock,airplane,-7.817695140838623,-5.813921093940735,
far,4779,clock,cat,-7.8075385093688965,-5.813921093940735,
far,9149,wardrobe,truck,-7.806307792663574,-5.813921093940735,
far,3470,keyboard,bird,-7.8044819831848145,-5.813921093940735,
far,2055,keyboard,airplane,-7.802511215209961,-5.813921093940735,
far,2965,chair,airplane,-7.795726776123047,-5.813921093940735,
far,3095,bowl,cat,-7.762032508850098,-5.813921093940735,
far,8666,chair,bird,-7.746970176696777,-5.813921093940735,
far,3298,keyboard,airplane,-7.745613098144531,-5.813921093940735,
far,8994,keyboard,airplane,-7.723221778869629,-5.813921093940735,
far,8122,clock,cat,-7.719505310058594,-5.813921093940735,
far,6046,wardrobe,cat,-7.691183090209961,-5.813921093940735,
far,2831,sunflower,frog,-7.685841083526611,-5.813921093940735,
far,4859,clock,cat,-7.684894561767578,-5.813921093940735,
far,7991,sunflower,dog,-7.683599948883057,-5.813921093940735,
far,194,wardrobe,cat,-7.68315315246582,-5.813921093940735,
far,2023,keyboard,ship,-7.6812543869018555,-5.813921093940735,
far,6943,chair,airplane,-7.671862602233887,-5.813921093940735,
far,2562,keyboard,truck,-7.667369365692139,-5.813921093940735,
far,6519,bowl,cat,-7.667046546936035,-5.813921093940735,
far,9907,sunflower,frog,-7.666960716247559,-5.813921093940735,
far,7604,wardrobe,truck,-7.6422529220581055,-5.813921093940735,
far,2945,clock,cat,-7.641923904418945,-5.813921093940735,
far,1434,chair,airplane,-7.6402435302734375,-5.813921093940735,
far,9561,bowl,frog,-7.636168479919434,-5.813921093940735,
far,7776,sunflower,bird,-7.620548248291016,-5.813921093940735,
far,932,bottle,cat,-7.611869812011719,-5.813921093940735,
far,3636,mushroom,cat,-7.587177276611328,-5.813921093940735,
far,6565,bowl,frog,-7.573628902435303,-5.813921093940735,
far,2936,clock,cat,-7.538606643676758,-5.813921093940735,
far,2428,bottle,cat,-7.528415203094482,-5.813921093940735,
far,3039,mushroom,cat,-7.514327526092529,-5.813921093940735,
far,9315,sunflower,cat,-7.5140380859375,-5.813921093940735,
far,6729,mushroom,bird,-7.508480072021484,-5.813921093940735,
far,3952,bowl,dog,-7.502896785736084,-5.813921093940735,
far,1932,bottle,cat,-7.498660564422607,-5.813921093940735,
far,4252,bowl,cat,-7.457282543182373,-5.813921093940735,
far,4968,mushroom,deer,-7.45588493347168,-5.813921093940735,
far,451,clock,cat,-7.428408622741699,-5.813921093940735,
far,7606,wardrobe,cat,-7.418241024017334,-5.813921093940735,
far,1310,clock,cat,-7.416688919067383,-5.813921093940735,
far,2715,wardrobe,cat,-7.413265228271484,-5.813921093940735,
far,3759,mushroom,bird,-7.409775733947754,-5.813921093940735,
far,2822,bottle,ship,-7.404947757720947,-5.813921093940735,
far,4809,keyboard,bird,-7.392271995544434,-5.813921093940735,
far,6510,keyboard,truck,-7.389160633087158,-5.813921093940735,
far,3286,chair,automobile,-7.38198184967041,-5.813921093940735,
far,6215,mushroom,frog,-7.367711544036865,-5.813921093940735,
far,4186,chair,airplane,-7.3610029220581055,-5.813921093940735,
far,1514,bottle,ship,-7.3551435470581055,-5.813921093940735,
far,8406,keyboard,airplane,-7.347861289978027,-5.813921093940735,
far,1562,bottle,bird,-7.344283103942871,-5.813921093940735,
far,7060,mushroom,bird,-7.329453945159912,-5.813921093940735,
far,9122,keyboard,airplane,-7.321630001068115,-5.813921093940735,
far,5147,clock,cat,-7.309815883636475,-5.813921093940735,
far,9089,chair,airplane,-7.291812896728516,-5.813921093940735,
far,3293,chair,airplane,-7.285125255584717,-5.813921093940735,
far,1899,bottle,cat,-7.271969318389893,-5.813921093940735,
far,4382,wardrobe,truck,-7.268991947174072,-5.813921093940735,
far,163,bowl,automobile,-7.2640814781188965,-5.813921093940735,
far,2937,mushroom,bird,-7.2494964599609375,-5.813921093940735,
far,2963,bottle,truck,-7.244455337524414,-5.813921093940735,
far,2223,clock,automobile,-7.240536212921143,-5.813921093940735,
far,8317,bottle,cat,-7.211251258850098,-5.813921093940735,
far,2152,chair,bird,-7.2051100730896,-5.813921093940735,
far,6841,clock,ship,-7.202290058135986,-5.813921093940735,
far,6508,clock,bird,-7.192805767059326,-5.813921093940735,
far,4520,bowl,cat,-7.179349899291992,-5.813921093940735,
far,4933,wardrobe,truck,-7.16012716293335,-5.813921093940735,
far,8804,wardrobe,cat,-7.153093338012695,-5.813921093940735,
far,8757,wardrobe,cat,-7.146862030029297,-5.813921093940735,
far,5646,mushroom,bird,-7.143209457397461,-5.813921093940735,
far,7328,sunflower,cat,-7.142966270446777,-5.813921093940735,
far,771,keyboard,deer,-7.141824722290039,-5.813921093940735,
far,1944,wardrobe,truck,-7.131246089935303,-5.813921093940735,
far,328,wardrobe,truck,-7.12534236907959,-5.813921093940735,
far,934,clock,cat,-7.111077308654785,-5.813921093940735,
far,7224,clock,truck,-7.111049175262451,-5.813921093940735,
far,3742,mushroom,cat,-7.110010623931885,-5.813921093940735,
far,629,sunflower,frog,-7.096254825592041,-5.813921093940735,
far,9056,chair,airplane,-7.094338417053223,-5.813921093940735,
far,1032,mushroom,bird,-7.088713645935059,-5.813921093940735,
far,2729,keyboard,truck,-7.085958003997803,-5.813921093940735,
far,45,clock,ship,-7.0811543464660645,-5.813921093940735,
far,8736,sunflower,bird,-7.0794525146484375,-5.813921093940735,
far,452,bowl,automobile,-7.075363636016846,-5.813921093940735,
far,613,chair,cat,-7.067927837371826,-5.813921093940735,
far,1806,clock,frog,-7.054153919219971,-5.813921093940735,
far,5993,bottle,cat,-7.04927921295166,-5.813921093940735,
far,6777,keyboard,ship,-7.043188571929932,-5.813921093940735,
far,6809,wardrobe,truck,-7.032458782196045,-5.813921093940735,
far,7012,bottle,cat,-7.03086519241333,-5.813921093940735,
far,5740,keyboard,truck,-7.017980098724365,-5.813921093940735,
far,340,bottle,ship,-6.994851589202881,-5.813921093940735,
far,4631,wardrobe,cat,-6.9843926429748535,-5.813921093940735,
far,6543,keyboard,truck,-6.977361679077148,-5.813921093940735,
far,7171,wardrobe,truck,-6.975924491882324,-5.813921093940735,
far,7957,keyboard,truck,-6.9672160148620605,-5.813921093940735,
far,5768,clock,cat,-6.960727691650391,-5.813921093940735,
far,7787,mushroom,bird,-6.94590950012207,-5.813921093940735,
far,4033,wardrobe,cat,-6.937285423278809,-5.813921093940735,
far,797,wardrobe,truck,-6.932346343994141,-5.813921093940735,
far,8785,sunflower,bird,-6.9275689125061035,-5.813921093940735,
far,5742,sunflower,frog,-6.922266006469727,-5.813921093940735,
far,5440,bottle,ship,-6.917788505554199,-5.813921093940735,
far,6907,keyboard,truck,-6.913661003112793,-5.813921093940735,
far,7737,bowl,automobile,-6.898704528808594,-5.813921093940735,
far,9967,bottle,dog,-6.891242504119873,-5.813921093940735,
far,1318,bottle,cat,-6.882254123687744,-5.813921093940735,
far,238,sunflower,bird,-6.879182815551758,-5.813921093940735,
far,8068,sunflower,deer,-6.878866195678711,-5.813921093940735,
far,3053,wardrobe,truck,-6.866698741912842,-5.813921093940735,
far,4103,sunflower,bird,-6.861748695373535,-5.813921093940735,
far,8309,bottle,ship,-6.849437713623047,-5.813921093940735,
far,7607,wardrobe,truck,-6.83892297744751,-5.813921093940735,
far,806,bowl,cat,-6.826180934906006,-5.813921093940735,
far,121,bowl,dog,-6.82575798034668,-5.813921093940735,
far,3149,wardrobe,truck,-6.823453903198242,-5.813921093940735,
far,147,keyboard,frog,-6.820051670074463,-5.813921093940735,
far,4174,clock,cat,-6.817171096801758,-5.813921093940735,
far,363,wardrobe,truck,-6.8120341300964355,-5.813921093940735,
far,5573,sunflower,frog,-6.7669267654418945,-5.813921093940735,
far,7619,mushroom,frog,-6.766523838043213,-5.813921093940735,
far,9087,chair,cat,-6.765499591827393,-5.813921093940735,
far,4475,clock,cat,-6.762012481689453,-5.813921093940735,
far,76,sunflower,bird,-6.7544264793396,-5.813921093940735,
far,4208,wardrobe,truck,-6.7515339851379395,-5.813921093940735,
far,2545,sunflower,dog,-6.751184940338135,-5.813921093940735,
far,6069,bowl,cat,-6.7473602294921875,-5.813921093940735,
far,6734,keyboard,cat,-6.71021842956543,-5.813921093940735,
far,8549,mushroom,frog,-6.705412864685059,-5.813921093940735,
far,9102,bowl,frog,-6.699944019317627,-5.813921093940735,
far,1041,bowl,frog,-6.695436954498291,-5.813921093940735,
far,618,clock,ship,-6.693474292755127,-5.813921093940735,
far,170,bottle,ship,-6.693108558654785,-5.813921093940735,
far,9103,mushroom,bird,-6.691094398498535,-5.813921093940735,
far,7406,bottle,cat,-6.688758850097656,-5.813921093940735,
far,4471,bowl,frog,-6.686680316925049,-5.813921093940735,
far,9307,wardrobe,cat,-6.670914649963379,-5.813921093940735,
far,4034,wardrobe,cat,-6.664450645446777,-5.813921093940735,
far,2232,mushroom,deer,-6.657462120056152,-5.813921093940735,
far,583,clock,bird,-6.657224178314209,-5.813921093940735,
far,7868,keyboard,airplane,-6.648313045501709,-5.813921093940735,
far,7923,clock,cat,-6.645927906036377,-5.813921093940735,
far,4863,bowl,ship,-6.637502670288086,-5.813921093940735,
far,8868,wardrobe,truck,-6.623631954193115,-5.813921093940735,
far,582,sunflower,bird,-6.619525909423828,-5.813921093940735,
far,4746,sunflower,bird,-6.619147777557373,-5.813921093940735,
far,9209,sunflower,frog,-6.616202354431152,-5.813921093940735,
far,3684,mushroom,frog,-6.60712194442749,-5.813921093940735,
far,1525,chair,airplane,-6.602227210998535,-5.813921093940735,
far,588,bowl,ship,-6.598806381225586,-5.813921093940735,
far,4818,bottle,truck,-6.5603928565979,-5.813921093940735,
far,7345,bowl,ship,-6.558818817138672,-5.813921093940735,
far,30,chair,airplane,-6.555196762084961,-5.813921093940735,
far,157,chair,cat,-6.551003456115723,-5.813921093940735,
far,5716,bowl,cat,-6.5506744384765625,-5.813921093940735,
far,9012,keyboard,cat,-6.548074722290039,-5.813921093940735,
far,3015,wardrobe,cat,-6.53921365737915,-5.813921093940735,
far,4386,bowl,frog,-6.537408351898193,-5.813921093940735,
far,6194,mushroom,dog,-6.529996871948242,-5.813921093940735,
far,8572,clock,automobile,-6.527105808258057,-5.813921093940735,
far,1122,sunflower,bird,-6.522670269012451,-5.813921093940735,
far,4376,sunflower,bird,-6.518834114074707,-5.813921093940735,
far,865,bowl,cat,-6.5109477043151855,-5.813921093940735,
far,3872,keyboard,airplane,-6.509339332580566,-5.813921093940735,
far,5861,sunflower,frog,-6.498577117919922,-5.813921093940735,
far,9847,mushroom,bird,-6.494265079498291,-5.813921093940735,
far,4848,bottle,dog,-6.473722457885742,-5.813921093940735,
far,7192,chair,cat,-6.471968650817871,-5.813921093940735,
far,5364,clock,bird,-6.461688995361328,-5.813921093940735,
far,8058,keyboard,cat,-6.453610420227051,-5.813921093940735,
far,1982,clock,automobile,-6.450560092926025,-5.813921093940735,
far,5428,wardrobe,truck,-6.434269428253174,-5.813921093940735,
far,9532,sunflower,frog,-6.434077262878418,-5.813921093940735,
far,6783,wardrobe,cat,-6.425422668457031,-5.813921093940735,
far,7181,mushroom,bird,-6.424795627593994,-5.813921093940735,
far,3402,sunflower,bird,-6.423101902008057,-5.813921093940735,
far,4734,wardrobe,cat,-6.397565841674805,-5.813921093940735,
far,1909,wardrobe,cat,-6.397500038146973,-5.813921093940735,
far,3348,bowl,cat,-6.378848075866699,-5.813921093940735,
far,6472,bottle,ship,-6.373493671417236,-5.813921093940735,
far,6018,bottle,airplane,-6.360672473907471,-5.813921093940735,
far,4804,keyboard,horse,-6.3482232093811035,-5.813921093940735,
far,6423,wardrobe,truck,-6.342566967010498,-5.813921093940735,
far,5683,chair,airplane,-6.341862678527832,-5.813921093940735,
far,5643,wardrobe,truck,-6.3329758644104,-5.813921093940735,
far,6145,keyboard,cat,-6.315735340118408,-5.813921093940735,
far,1987,mushroom,cat,-6.315430164337158,-5.813921093940735,
far,7499,chair,truck,-6.310801982879639,-5.813921093940735,
far,7437,wardrobe,truck,-6.309453964233398,-5.813921093940735,
far,90,clock,cat,-6.283309459686279,-5.813921093940735,
far,6204,wardrobe,bird,-6.279506206512451,-5.813921093940735,
far,3924,wardrobe,cat,-6.275307655334473,-5.813921093940735,
far,1428,clock,automobile,-6.273581027984619,-5.813921093940735,
far,2314,bottle,automobile,-6.2656779289245605,-5.813921093940735,
far,1740,chair,cat,-6.263674259185791,-5.813921093940735,
far,823,clock,bird,-6.263514995574951,-5.813921093940735,
far,734,wardrobe,cat,-6.260393142700195,-5.813921093940735,
far,7258,sunflower,dog,-6.244537830352783,-5.813921093940735,
far,6490,clock,automobile,-6.224430561065674,-5.813921093940735,
far,7828,wardrobe,cat,-6.222586631774902,-5.813921093940735,
far,8013,bowl,automobile,-6.2113471031188965,-5.813921093940735,
far,1642,keyboard,airplane,-6.208310604095459,-5.813921093940735,
far,1674,chair,bird,-6.205587387084961,-5.813921093940735,
far,5375,mushroom,deer,-6.19354248046875,-5.813921093940735,
far,3216,bottle,ship,-6.193294525146484,-5.813921093940735,
far,3806,wardrobe,cat,-6.192365646362305,-5.813921093940735,
far,3373,bowl,cat,-6.188675880432129,-5.813921093940735,
far,2200,mushroom,bird,-6.187376022338867,-5.813921093940735,
far,649,clock,truck,-6.185296535491943,-5.813921093940735,
far,6482,clock,ship,-6.159975051879883,-5.813921093940735,
far,6507,bottle,cat,-6.1595354080200195,-5.813921093940735,
far,6440,bottle,cat,-6.1585493087768555,-5.813921093940735,
far,6899,bottle,ship,-6.155957221984863,-5.813921093940735,
far,1927,clock,automobile,-6.155514240264893,-5.813921093940735,
far,6695,keyboard,bird,-6.155200481414795,-5.813921093940735,
far,5940,keyboard,cat,-6.145722389221191,-5.813921093940735,
far,4947,wardrobe,cat,-6.1360673904418945,-5.813921093940735,
far,6042,keyboard,bird,-6.134016990661621,-5.813921093940735,
far,125,chair,cat,-6.133913040161133,-5.813921093940735,
far,8472,keyboard,airplane,-6.132371425628662,-5.813921093940735,
far,378,wardrobe,cat,-6.129327774047852,-5.813921093940735,
far,7161,bowl,cat,-6.128320693969727,-5.813921093940735,
far,7063,chair,airplane,-6.126552581787109,-5.813921093940735,
far,6965,mushroom,dog,-6.098613262176514,-5.813921093940735,
far,1264,keyboard,bird,-6.085236549377441,-5.813921093940735,
far,8470,sunflower,bird,-6.080495834350586,-5.813921093940735,
far,8036,clock,cat,-6.079484462738037,-5.813921093940735,
far,3942,sunflower,bird,-6.067049026489258,-5.813921093940735,
far,5845,clock,airplane,-6.0574116706848145,-5.813921093940735,
far,6594,chair,bird,-6.0293378829956055,-5.813921093940735,
far,79,clock,airplane,-6.02836275100708,-5.813921093940735,
far,5627,mushroom,deer,-6.018701553344727,-5.813921093940735,
far,2993,bottle,cat,-5.993548393249512,-5.813921093940735,
far,8378,sunflower,dog,-5.982160568237305,-5.813921093940735,
far,3282,clock,cat,-5.9796295166015625,-5.813921093940735,
far,9471,clock,deer,-5.978071689605713,-5.813921093940735,
far,4214,chair,airplane,-5.969151973724365,-5.813921093940735,
far,2463,clock,ship,-5.957668304443359,-5.813921093940735,
far,9742,keyboard,bird,-5.953339099884033,-5.813921093940735,
far,2038,sunflower,truck,-5.952500820159912,-5.813921093940735,
far,2576,chair,truck,-5.948709011077881,-5.813921093940735,
far,9044,bottle,cat,-5.936102867126465,-5.813921093940735,
far,9657,wardrobe,cat,-5.934541702270508,-5.813921093940735,
far,2300,bowl,bird,-5.925106048583984,-5.813921093940735,
far,2740,sunflower,frog,-5.921931266784668,-5.813921093940735,
far,3507,bowl,cat,-5.919663429260254,-5.813921093940735,
far,8829,mushroom,cat,-5.918981075286865,-5.813921093940735,
far,9755,bottle,frog,-5.911712169647217,-5.813921093940735,
far,1231,sunflower,bird,-5.908490180969238,-5.813921093940735,
far,7989,sunflower,bird,-5.904984474182129,-5.813921093940735,
far,4369,clock,automobile,-5.9003825187683105,-5.813921093940735,
far,6804,bowl,frog,-5.895345211029053,-5.813921093940735,
far,1415,wardrobe,truck,-5.894228458404541,-5.813921093940735,
far,9256,sunflower,bird,-5.891640663146973,-5.813921093940735,
far,3693,keyboard,bird,-5.890055179595947,-5.813921093940735,
far,8335,bowl,cat,-5.890011787414551,-5.813921093940735,
far,880,chair,cat,-5.889626502990723,-5.813921093940735,
far,9172,clock,automobile,-5.889368534088135,-5.813921093940735,
far,3347,keyboard,cat,-5.882659912109375,-5.813921093940735,
far,963,mushroom,deer,-5.877979278564453,-5.813921093940735,
far,4656,clock,dog,-5.870668888092041,-5.813921093940735,
far,8531,wardrobe,cat,-5.855100154876709,-5.813921093940735,
far,4417,mushroom,cat,-5.838325023651123,-5.813921093940735,
far,1807,clock,cat,-5.828652858734131,-5.813921093940735,
far,9344,chair,airplane,-5.826930522918701,-5.813921093940735,
